Mayor,,,,,,,,,,,,,,,,,,,,,,,,,,,,,,,,,,,,
TOTAL,,66,2,288,91,128,49,"3,444,295","7,453","3,451,748","3,411,955","7,344","3,419,299","1,343,666",39.4%,"6,463",88.0%,"1,350,129",39.5%,"42,579","1,100","43,679","30,385",827,"31,212","2,318","23,292","25,610",83,18,,66,,,,
Authority,Electoral system,"Positions 
(N)","Elected uncontested 
(N)","Candidates 
(N)","Candidates Council sitting members 
(N)","Also candidates for Council
(N)",Sitting Mayor,"Residential electors 
(N)","Ratepayer electors 
(N)","Total electors 
(N)",Residential electors (contested wards only),Ratepayer electors (contested wards only),Total electors (Contested wards only),"Residential voters 
(N)","Residential turnout 
(%)","Ratepayer voters 
(N)","Ratepayer turnout
(%)","Total voters 
(N)",Overall turnout (%),"Residential special votes cast 
(N)","Ratepayer special votes cast 
(N)","Total special votes cast 
(N)","Residential special votes allowed 
(N)","Ratepayer special votes allowed 
(N)","Total special votes allowed 
(N)","Informal votes
(N)","Blank votes 
(N)","Blank and informal votes 
(N)","Female candidates
(N)","Female mayors
(N)",Unfilled positions,Total number elected,,,,
Ashburton District Council,FPP,1,,4,2,2,,"22,949",25,"22,974","22,949",25,"22,974","10,634",46.3%,24,96.0%,"10,658",46.4%,177,3,180,137,2,139,19,120,139,1,1,,1,,,,
Auckland Council,FPP,1,,12,1,4,1,"1,194,607",346,"1,194,953","1,194,607",346,"1,194,953","349,813",29.3%,340,98.3%,"350,153",29.3%,"5,896",37,"5,933","3,410",35,"3,445",670,"8,049","8,719",2,,,1,,,,
Buller District Council,FPP,1,,4,1,1,1,"7,579",49,"7,628","7,579",49,"7,628","4,159",54.9%,40,81.6%,"4,199",55.0%,156,12,168,110,9,119,2,60,62,1,,,1,,,,
Carterton District Council,FPP,1,,3,1,3,,"7,678",40,"7,718","7,678",40,"7,718","4,127",53.8%,32,80.0%,"4,159",53.9%,104,20,124,89,16,105,4,104,108,,,,1,,,,
Central Hawke's Bay District Council,FPP,1,,2,,,1,"10,855",23,"10,878","10,855",23,"10,878","6,114",56.3%,20,87.0%,"6,134",56.4%,148,12,160,112,10,122,,71,71,1,,,1,,,,
Central Otago District Council,FPP,1,,3,1,2,,"17,757",155,"17,912","17,757",155,"17,912","9,801",55.2%,135,87.1%,"9,936",55.5%,210,25,235,179,18,197,15,164,179,1,1,,1,,,,
Chatham Islands Council,FPP,1,,2,2,,1,439,5,444,439,5,444,313,71.3%,3,60.0%,316,71.2%,16,,16,13,,13,,6,6,1,,,1,,,,
Christchurch City Council,FPP,1,,8,1,1,1,"280,263",324,"280,587","280,263",324,"280,587","107,189",38.2%,286,88.3%,"107,475",38.3%,"3,022",50,"3,072","2,506",36,"2,542",105,"1,008","1,113",1,,,1,,,,
Clutha District Council,FPP,1,,2,2,,,"12,339",36,"12,375","12,339",36,"12,375","6,583",53.4%,31,86.1%,"6,614",53.4%,99,3,102,84,2,86,10,77,87,,,,1,,,,
Dunedin City Council,STV,1,,16,5,14,1,"94,566",151,"94,717","94,566",151,"94,717","43,171",45.7%,129,85.4%,"43,300",45.7%,"1,323",28,"1,351","1,141",25,"1,166",106,727,833,6,1,,1,,,,
Far North District Council,STV,1,,3,1,2,1,"48,306",145,"48,451","48,306",145,"48,451","24,424",50.6%,132,91.0%,"24,556",50.7%,"1,985",10,"1,995",970,6,976,55,200,255,1,,,1,,,,
Gisborne District Council,STV,1,,3,1,2,1,"34,022",45,"34,067","34,022",45,"34,067","16,338",48.0%,39,86.7%,"16,377",48.1%,936,2,938,630,2,632,46,349,395,1,1,,1,,,,
Gore District Council,FPP,1,,2,,,1,"9,024",25,"9,049","9,024",25,"9,049","4,968",55.1%,23,92.0%,"4,991",55.2%,125,8,133,109,7,116,1,90,91,1,,,1,,,,
Grey District Council,FPP,1,,2,,,1,"9,874",12,"9,886","9,874",12,"9,886","4,673",47.3%,10,83.3%,"4,683",47.4%,103,6,109,80,5,85,9,475,484,1,1,,1,,,,
Hamilton City Council,STV,1,,12,1,9,,"115,249",184,"115,433","115,249",184,"115,433","37,896",32.9%,167,90.8%,"38,063",33.0%,"2,260",1,"2,261","1,307",1,"1,308",210,410,620,4,,,1,,,,
Hastings District Council,FPP,1,,5,3,2,,"58,314",63,"58,377","58,314",63,"58,377","26,699",45.8%,60,95.2%,"26,759",45.8%,766,17,783,661,9,670,42,406,448,1,1,,1,,,,
Hauraki District Council,FPP,1,,3,,2,1,"15,181",29,"15,210","15,181",29,"15,210","6,096",40.2%,24,82.8%,"6,120",40.2%,152,,152,104,,104,18,210,228,,,,1,,,,
Horowhenua District Council,FPP,1,,2,1,1,1,"25,651",94,"25,745","25,651",94,"25,745","12,127",47.3%,87,92.6%,"12,214",47.4%,484,32,516,407,23,430,5,302,307,,,,1,,,,
Hurunui District Council,FPP,1,1,1,,,1,"9,607",80,"9,687",,,,,,,,,,,,,,,,,,,1,1,,1,,,,
Hutt City Council,FPP,1,,4,2,2,,"78,961",65,"79,026","78,961",65,"79,026","32,984",41.8%,53,81.5%,"33,037",41.8%,"1,210",26,"1,236",888,17,905,77,349,426,2,,,1,,,,
Invercargill City Council,FPP,1,,8,4,3,,"38,755",74,"38,829","38,755",74,"38,829","17,930",46.3%,66,89.2%,"17,996",46.3%,781,18,799,602,13,615,75,349,424,2,,,1,,,,
Kaik?ura District Council,FPP,1,,3,1,2,1,"3,037",25,"3,062","3,037",25,"3,062","1,859",61.2%,22,88.0%,"1,881",61.4%,73,5,78,60,3,63,,50,50,,,,1,,,,
Kaipara District Council,FPP,1,,4,2,2,,"18,101",226,"18,327","18,101",226,"18,327","10,510",58.1%,192,85.0%,"10,702",58.4%,494,,494,198,,198,9,79,88,,,,1,,,,
K?piti Coast District Council,STV,1,,6,2,4,1,"43,313",351,"43,664","43,313",351,"43,664","20,169",46.6%,312,88.9%,"20,481",46.9%,787,7,794,555,7,562,31,71,102,2,1,,1,,,,
Kawerau District Council,FPP,1,,2,1,1,1,"5,166",9,"5,175","5,166",9,"5,175","2,339",45.3%,6,66.7%,"2,345",45.3%,109,3,112,66,2,68,,22,22,2,1,,1,,,,
Mackenzie District Council,FPP,1,,5,2,2,,"3,359",113,"3,472","3,359",113,"3,472","2,029",60.4%,101,89.4%,"2,130",61.3%,84,40,124,53,24,77,1,17,18,3,,,1,,,,
Manawat? District Council,FPP,1,1,1,1,,,"22,733",29,"22,762",,,,,,,,,,,,,,,,,,,,,,1,,,,
Marlborough District Council,STV,1,,3,,1,1,"34,720",87,"34,807","34,720",87,"34,807","15,255",43.9%,78,89.7%,"15,333",44.1%,274,17,291,241,15,256,22,701,723,2,1,,1,,,,
Masterton District Council,FPP,1,,4,3,4,,"20,062",46,"20,108","20,062",46,"20,108","9,522",47.5%,42,91.3%,"9,564",47.6%,271,12,283,225,8,233,9,265,274,3,1,,1,,,,
Matamata-Piako District Council,FPP,1,,3,,1,1,"25,218",15,"25,233","25,218",15,"25,233","11,556",45.8%,14,93.3%,"11,570",45.9%,279,6,285,206,4,210,8,157,165,1,,,1,,,,
Napier City Council,FPP,1,,3,2,2,1,"46,217",61,"46,278","46,217",61,"46,278","21,270",46.0%,55,90.2%,"21,325",46.1%,693,21,714,578,18,596,12,376,388,1,,,1,,,,
Nelson City Council,STV,1,,4,1,1,1,"38,556",109,"38,665","38,556",109,"38,665","18,700",48.5%,89,81.7%,"18,789",48.6%,661,23,684,550,21,571,23,315,338,,,,1,,,,
New Plymouth District Council,STV,1,,9,3,2,,"61,552",55,"61,607","61,552",55,"61,607","28,565",46.4%,60,109.1%,"28,625",46.5%,951,4,955,618,2,620,61,348,409,1,,,1,,,,
?p?tiki District Council,FPP,1,,2,,1,1,"6,511",32,"6,543","6,511",32,"6,543","3,030",46.5%,33,103.1%,"3,063",46.8%,139,4,143,91,4,95,1,48,49,,,,1,,,,
?torohanga District Council,FPP,1,,3,3,1,,"6,302",47,"6,349","6,302",47,"6,349","3,126",49.6%,42,89.4%,"3,168",49.9%,127,3,130,71,1,72,1,28,29,2,,,1,,,,
Palmerston North District Council,STV,1,,4,1,2,1,"59,408",70,"59,478","59,408",70,"59,478","24,995",42.1%,65,92.9%,"25,060",42.1%,997,2,999,589,2,591,101,977,"1,078",,,,1,,,,
Porirua City Council,STV,1,,3,1,2,1,"42,991",41,"43,032","42,991",41,"43,032","17,584",40.9%,39,95.1%,"17,623",41.0%,690,12,702,545,10,555,39,277,316,3,1,,1,,,,
Queenstown-Lakes District Council,FPP,1,,6,,,1,"30,757",361,"31,118","30,757",361,"31,118","12,642",41.1%,285,78.9%,"12,927",41.5%,536,72,608,467,63,530,36,270,306,,,,1,,,,
Rangit?kei District Council,FPP,1,,4,1,2,1,"10,917",18,"10,935","10,917",18,"10,935","5,436",49.8%,15,83.3%,"5,451",49.8%,101,9,110,76,6,82,3,91,94,,,,1,,,,
Rotorua District Council,FPP,1,,5,2,3,1,"49,922",160,"50,082","49,922",160,"50,082","21,655",43.4%,140,87.5%,"21,795",43.5%,803,21,824,682,20,702,35,386,421,3,1,,1,,,,
Ruapehu District Council,STV,1,,4,2,1,1,"8,208",136,"8,344","8,208",136,"8,344","4,189",51.0%,113,83.1%,"4,302",51.6%,164,26,190,111,21,132,9,48,57,2,,,1,,,,
Selwyn District Council,FPP,1,,3,1,,1,"54,660",62,"54,722","54,660",62,"54,722","26,381",48.3%,59,95.2%,"26,440",48.3%,760,11,771,606,6,612,5,162,167,1,1,,1,,,,
South Taranaki District Council,FPP,1,,2,,,1,18669,27,"18,696","18,669",27,"18,696",8411,45.1%,27,100.0%,"8,438",45.1%,234,0,234,153,0,153,3,284,287,,,,1,,,,
South Waikato District Council,FPP,1,,7,1,4,1,"16,489",6,"16,495","16,489",6,"16,495","7,591",46.0%,5,83.3%,"7,596",46.1%,250,7,257,174,6,180,8,54,62,1,,,1,,,,
South Waiararapa District Council,FPP,1,,2,,,,"9,232",114,"9,346","9,232",114,"9,346","5,491",59.5%,106,93.0%,"5,597",59.9%,178,47,225,129,32,161,2,63,65,2,1,,1,,,,
Southland District Council,FPP,1,,3,,,1,"20,523",120,"20,643","20,523",120,"20,643","8,632",42.1%,112,93.3%,"8,744",42.4%,94,19,113,76,16,92,2,123,125,1,,,1,,,,
Stratford District Council,FPP,1,,2,,1,1,"6,844",11,"6,855","6,844",11,"6,855","3,669",53.6%,15,136.4%,"3,684",53.7%,114,3,117,75,1,76,2,40,42,,,,1,,,,
Tararua District Council,FPP,1,,5,2,4,1,"12,812",23,"12,835","12,812",23,"12,835","7,099",55.4%,20,87.0%,"7,119",55.5%,187,8,195,161,7,168,7,70,77,1,,,1,,,,
Tasman District Council,FPP,1,,5,1,2,1,"42,084",186,"42,270","42,084",186,"42,270","20,006",47.5%,177,95.2%,"20,183",47.7%,534,7,541,339,5,344,32,337,369,,,,1,,,,
Taup? District Council,FPP,1,,4,1,1,1,"27,831",438,"28,269","27,831",438,"28,269","15,489",55.7%,377,86.1%,"15,866",56.1%,720,105,825,578,99,677,6,164,170,,,,1,,,,
Thames-Coromandel District Council,FPP,1,,6,1,,1,"24,314","1,195","25,509","24,314","1,195","25,509","11,254",46.3%,"1,018",85.2%,"12,272",48.1%,444,2,446,237,2,239,20,234,254,1,,,1,,,,
Timaru District Council,FPP,1,,3,1,2,1,"33,581",21,"33,602","33,581",21,"33,602","16,239",48.4%,20,95.2%,"16,259",48.4%,309,10,319,248,7,255,17,390,407,,,,1,,,,
Upper Hutt City Council,FPP,1,,6,3,3,1,"33,058",42,"33,100","33,058",42,"33,100","16,695",50.5%,33,78.6%,"16,728",50.5%,515,14,529,452,10,462,15,116,131,4,1,,1,,,,
Waikato District Council,FPP,1,,2,1,,1,"58,067",51,"58,118","58,067",51,"58,118","20,303",35.0%,57,111.8%,"20,360",35.0%,636,1,637,427,1,428,11,799,810,1,,,1,,,,
Waimakariri District Council,FPP,1,,2,1,,1,"49,120",31,"49,151","49,120",31,"49,151","21,140",43.0%,30,96.8%,"21,170",43.1%,361,5,366,267,4,271,2,270,272,,,,1,,,,
Waimate District Council,FPP,1,,3,2,1,1,"5,508",11,"5,519","5,508",11,"5,519","2,944",53.4%,10,90.9%,"2,954",53.5%,66,3,69,62,3,65,3,27,30,1,,,1,,,,
Waip? District Council,FPP,1,,3,2,1,1,"41,153",35,"41,188","41,153",35,"41,188","17,381",42.2%,30,85.7%,"17,411",42.3%,504,17,521,410,11,421,9,380,389,2,,,1,,,,
Wairoa District Council,FPP,1,,4,,2,1,"5,665",30,"5,695","5,665",30,"5,695","3,166",55.9%,26,86.7%,"3,192",56.0%,172,1,173,147,1,148,3,35,38,2,,,1,,,,
Waitaki District Council,FPP,1,,4,1,,,"16,314",47,"16,361","16,314",47,"16,361","8,554",52.4%,39,83.0%,"8,593",52.5%,185,15,200,138,12,150,16,59,75,2,1,,1,,,,
Waitomo District Council,FPP,1,,4,1,3,1,"5,964",19,"5,983","5,964",19,"5,983","2,743",46.0%,18,94.7%,"2,761",46.1%,91,10,101,66,6,72,1,19,20,2,,,1,,,,
Wellington City Council,STV,1,,12,2,7,,"160,770",548,"161,318","160,770",548,"161,318","81,084",50.4%,490,89.4%,"81,574",50.6%,"4,777",135,"4,912","3,998",88,"4,086",120,323,443,2,,,1,,,,
Western Bay of Plenty District Council,FPP,1,,8,4,6,1,"39,871",174,"40,045","39,871",174,"40,045","15,163",38.0%,136,78.2%,"15,299",38.2%,298,43,341,219,29,248,57,414,471,3,,,1,,,,
Westland District Council,FPP,1,,4,,,1,"6,405",61,"6,466","6,405",61,"6,466","3,629",56.7%,48,78.7%,"3,677",56.9%,123,16,139,85,3,88,4,36,40,2,1,,1,,,,
Whakat?ne District Council,FPP,1,,6,4,1,1,"26,019",47,"26,066","26,019",47,"26,066","12,778",49.1%,46,97.9%,"12,824",49.2%,674,7,681,278,7,285,15,119,134,,,,1,,,,
Whanganui District Council,FPP,1,,4,2,3,1,"33,462",43,"33,505","33,462",43,"33,505","16,986",50.8%,38,88.4%,"17,024",50.8%,791,17,808,667,4,671,24,377,401,,,,1,,,,
Whang?rei District Council,STV,1,,5,3,3,1,"66,854",150,"67,004","66,854",150,"67,004","30,368",45.4%,122,81.3%,"30,490",45.5%,"1,376",,"1,376",872,,872,64,345,409,2,,,1,,,,
,,,,,,,,,,,,,,,,,,,,,,,,,,,,,,,,,,,,
TA Wards,,,,,,,,,,,,,,,,,,,,,,,,,,,,,,,,,,,,
TOTAL,,,224,50,709,67,"1,639",474,393,88,33,,,,,,,,,,,,,,,,,,,"7,972","30,368","38,340",587,283,,709
Authority,Ward,Electoral system,Contested Wards (N),Uncontested Wards (N),"Positions 
(N)","Elected uncontested
(N)","Candidates 
(N)","Candidates - Council sitting members 
(N)",Council members re-elected (N),"Candidates - community board members 
(N)","Community board members elected
(N)","Electors - Residential 
(N)","Electors - Ratepayer
(N)","Electors - Total
(N)",Residential electors (contested wards only),Ratepayer electors (contested wards only),Total electors (Contested wards only),Residential voters (N),"Residential turnout 
(%)","Ratepayer voters 
(N)","Ratepayer turnout
(%)","Total voters 
(N)",Overall turnout (%),"Residential special votes cast 
(N)","Ratepayer special votes cast 
(N)","Total special votes cast 
(N)","Residential special votes allowed 
(N)","Ratepayer special votes allowed 
(N)","Total special votes allowed 
(N)","Informal votes
(N)","Blank votes 
(N)","Blank and informal votes 
(N)","Female candidates
(N)","Female councillors
(N)",Unfilled positions,Total number elected
Ashburton District Council,Ashburton,FPP,1,,5,,9,4,4,,,"14,538",11,"14,549","14,538",11,"14,549","6,631",45.6%,10,90.9%,"6,641",45.6%,125,1,126,91,1,92,40,34,74,3,2,,5
Ashburton District Council,Eastern,FPP,,1,2,2,2,1,1,,,"4,207",4,"4,211",,,,,,,,,,,,,,,,,,,,,,2
Ashburton District Council,Western,FPP,1,,2,,3,1,,,,"4,204",10,"4,214","4,204",10,"4,214","2,220",52.8%,10,100.0%,"2,230",52.9%,32,2,34,27,1,28,,16,16,3,2,,2
Auckland Council,Albany,FPP,1,,2,,9,2,1,5,1,"139,834",24,"139,858","139,834",24,"139,858","43,233",30.9%,26,108.3%,"43,259",30.9%,869,3,872,83,3,86,105,"1,267","1,372",1,1,,2
Auckland Council,Albert-Eden-Puket?papa,FPP,1,,2,,8,2,2,2,,"120,557",32,"120,589","120,557",32,"120,589","34,361",28.5%,36,112.5%,"34,397",28.5%,"1,199",26,"1,225",659,24,683,56,838,894,2,2,,2
Auckland Council,Franklin,FPP,1,,1,,3,1,1,,,"59,538",21,"59,559","59,538",21,"59,559","19,182",32.2%,21,100.0%,"19,203",32.2%,248,1,249,199,1,200,21,534,555,,,,1
Auckland Council,Howick,FPP,1,,2,,8,1,1,2,1,"112,582",12,"112,594","112,582",12,"112,594","32,461",28.8%,13,108.3%,"32,474",28.8%,588,1,589,373,1,374,108,642,750,2,1,,2
Auckland Council,Manukau,FPP,1,,2,,9,2,2,,,"113,068",14,"113,082","113,068",14,"113,082","28,576",25.3%,10,71.4%,"28,586",25.3%,874,1,875,421,1,422,74,784,858,5,1,,2
Auckland Council,Manurewa-Papakura,FPP,1,,2,,7,1,1,3,1,"111,623",13,"111,636","111,623",13,"111,636","27,074",24.3%,13,100.0%,"27,087",24.3%,790,1,791,540,1,541,45,596,641,2,,,2
Auckland Council,Maungakiekie-T?maki,FPP,1,,1,,5,1,1,,,"55,918",21,"55,939","55,918",21,"55,939","14,749",26.4%,20,95.2%,"14,769",26.4%,441,1,442,285,1,286,25,326,351,2,1,,1
Auckland Council,North Shore,FPP,1,,2,,5,1,1,2,1,"109,231",34,"109,265","109,231",34,"109,265","33,875",31.0%,30,88.2%,"33,905",31.0%,805,1,806,534,1,535,45,471,516,2,,,2
Auckland Council,?r?kei,FPP,,1,1,1,1,1,1,,,"67,751",34,"67,785",,,,,,,,,,,,,,,,,,,1,1,,1
Auckland Council,Rodney,FPP,,1,1,1,1,1,1,,,"55,923",20,"55,943",,,,,,,,,,,,,,,,,,,,,,1
Auckland Council,Wait?kere,FPP,1,,2,,12,2,2,2,,"126,197",23,"126,220","126,197",23,"126,220","35,299",28.0%,20,87.0%,"35,319",28.0%,"1,055",,"1,055",709,,709,97,688,785,4,,,2
Auckland Council,Waitemat? and Gulf,FPP,1,,1,,7,1,1,1,,"63,456",86,"63,542","63,456",86,"63,542","21,587",34.0%,88,102.3%,"21,675",34.1%,"1,084",2,"1,086",655,2,657,37,918,955,2,,,1
Auckland Council,Whau,FPP,1,,1,,6,,,1,1,"58,929",12,"58,941","58,929",12,"58,941","15,155",25.7%,11,91.7%,"15,166",25.7%,477,,477,320,,320,30,529,559,2,1,,1
Buller District Council,Inangahua,FPP,,1,2,2,2,1,1,,,"1,241",7,"1,248",,,,,,,,,,,,,,,,,,,1,1,,2
Buller District Council,Seddon,FPP,,1,2,2,2,2,2,,,"1,438",16,"1,454",,,,,,,,,,,,,,,,,,,2,2,,2
Buller District Council,Westport,FPP,1,,6,,17,4,1,,,"4,900",26,"4,926","4,900",26,"4,926","2,883",58.8%,21,80.8%,"2,904",59.0%,118,6,124,81,4,85,7,1,8,4,1,,6
Carterton District Council,At Large,FPP,1,,8,,18,6,5,,,"7,678",40,"7,718","7,678",40,"7,718","4,127",53.8%,32,80.0%,"4,159",53.9%,104,20,124,89,16,105,9,26,35,5,3,,8
Central Hawke's Bay District Council,Aramoana/Ruahine,FPP,1,,3,,4,3,3,,,"4,787",15,"4,802","4,787",15,"4,802","2,823",59.0%,12,80.0%,"2,835",59.0%,64,8,72,49,7,56,,89,89,1,1,,3
Central Hawke's Bay District Council,Ruataniwha,FPP,1,,3,,8,1,1,,,"4,796",8,"4,804","4,796",8,"4,804","2,777",57.9%,8,100.0%,"2,785",58.0%,65,3,68,49,2,51,1,52,53,3,2,,3
Central Hawke's Bay District Council,Rautahi M?ori,FPP,1,,1,,2,,,,,"1,272",,"1,272","1,272",,"1,272",514,40.4%,,#DIV/0!,514,40.4%,19,1,20,14,1,15,1,20,21,2,1,,1
Central Hawke's Bay District Council,At Large,FPP,1,,2,,4,2,2,,,"10,855",23,"10,878","10,855",23,"10,878","6,114",56.3%,20,87.0%,"6,134",56.4%,148,12,160,112,10,122,10,209,219,3,1,,2
Central Otago District Council,Maniototo,FPP,1,,1,,2,1,1,,,"1,368",22,"1,390","1,368",22,"1,390",930,68.0%,19,86.4%,949,68.3%,8,6,14,4,4,8,2,6,8,1,,,1
Central Otago District Council,Cromwell,FPP,1,,4,,9,2,2,1,1,"6,934",60,"6,994","6,934",60,"6,994","3,526",50.9%,57,95.0%,"3,583",51.2%,80,12,92,77,9,86,2,38,40,2,2,,4
Central Otago District Council,Teviot Valley,FPP,1,,1,,2,,,,,"1,274",10,"1,284","1,274",10,"1,284",806,63.3%,10,100.0%,816,63.6%,19,1,20,18,1,19,1,13,14,,,,1
Central Otago District Council,Vincent,FPP,1,,4,,11,4,2,2,,"8,181",63,"8,244","8,181",63,"8,244","4,539",55.5%,49,77.8%,"4,588",55.7%,103,6,109,80,4,84,6,74,80,5,1,,4
Chatham Islands Council,At Large,FPP,1,,8,,14,5,3,,,439,5,444,439,5,444,313,71.3%,3,60.0%,316,71.2%,16,,16,13,,13,3,1,4,10,5,,8
Christchurch City Council,Banks Peninsula,FPP,1,,1,,2,1,1,,,"7,479",58,"7,537","7,479",58,"7,537","4,057",54.2%,52,89.7%,"4,109",54.5%,111,8,119,99,6,105,,93,93,,,,1
Christchurch City Council,Burwood,FPP,1,,1,,2,1,1,,,"18,049",8,"18,057","18,049",8,"18,057","6,987",38.7%,8,100.0%,"6,995",38.7%,147,1,148,120,1,121,1,149,150,1,,,1
Christchurch City Council,Cashmere,FPP,1,,1,,2,1,1,,,"20,169",11,"20,180","20,169",11,"20,180","9,440",46.8%,11,100.0%,"9,451",46.8%,257,1,258,224,1,225,5,469,474,1,,,1
Christchurch City Council,Central,FPP,1,,1,,5,1,1,,,"15,856",46,"15,902","15,856",46,"15,902","4,762",30.0%,40,87.0%,"4,802",30.2%,273,9,282,244,5,249,42,103,145,1,,,1
Christchurch City Council,Coastal,FPP,1,,1,,3,1,1,1,,"18,986",13,"18,999","18,986",13,"18,999","7,894",41.6%,13,100.0%,"7,907",41.6%,187,2,189,152,2,154,12,113,125,3,1,,1
Christchurch City Council,Fendalton,FPP,1,,1,,3,,,1,1,"18,778",28,"18,806","18,778",28,"18,806","7,846",41.8%,24,85.7%,"7,870",41.8%,257,4,261,200,3,203,11,308,319,1,,,1
Christchurch City Council,Halswell,FPP,1,,1,,2,1,1,,,"21,149",16,"21,165","21,149",16,"21,165","8,812",41.7%,14,87.5%,"8,826",41.7%,215,3,218,172,2,174,4,148,152,,,,1
Christchurch City Council,Harewood,FPP,,1,1,1,1,1,1,,,"19,872",10,"19,882",,,,,,,,,,,,,,,,,,,,,,1
Christchurch City Council,Heathcote,FPP,1,,1,,2,,,,,"19,859",17,"19,876","19,859",17,"19,876","9,060",45.6%,17,100.0%,"9,077",45.7%,305,6,311,266,5,271,7,270,277,,,,1
Christchurch City Council,Hornby,FPP,,1,1,1,1,1,1,,,"17,431",18,"17,449",,,,,,,,,,,,,,,,,,,,,,1
Christchurch City Council,Innes,FPP,1,,1,,2,1,1,1,,"17,921",23,"17,944","17,921",23,"17,944","6,424",35.8%,18,78.3%,"6,442",35.9%,199,3,202,165,3,168,3,139,142,2,1,,1
Christchurch City Council,Linwood,FPP,1,,1,,3,1,1,,,"16,400",13,"16,413","16,400",13,"16,413","5,115",31.2%,11,84.6%,"5,126",31.2%,133,1,134,111,1,112,14,101,115,,,,1
Christchurch City Council,Papanui,FPP,1,,1,,2,1,1,1,,"17,937",7,"17,944","17,937",7,"17,944","6,619",36.9%,5,71.4%,"6,624",36.9%,154,2,156,108,,108,3,149,152,1,1,,1
Christchurch City Council,Riccarton,FPP,1,,1,,5,1,1,1,,"15,210",24,"15,234","15,210",24,"15,234","4,106",27.0%,20,83.3%,"4,126",27.1%,196,4,200,139,2,141,16,75,91,1,,,1
Christchurch City Council,Spreydon,FPP,1,,1,,4,1,1,,,"17,805",18,"17,823","17,805",18,"17,823","5,877",33.0%,16,88.9%,"5,893",33.1%,213,2,215,185,2,187,20,166,186,1,1,,1
Christchurch City Council,Waimairi,FPP,,1,1,1,1,1,1,,,"17,362",14,"17,376",,,,,,,,,,,,,,,,,,,,,,1
Clutha District Council,Balclutha,FPP,1,,2,,5,1,,,,"3,019",3,"3,022","3,019",3,"3,022","1,565",51.8%,4,133.3%,"1,569",51.9%,22,1,23,18,1,19,7,17,24,2,1,,2
Clutha District Council,Milton,FPP,1,,1,,6,,,,,"1,392",2,"1,394","1,392",2,"1,394",719,51.7%,,0.0%,719,51.6%,15,,15,12,,12,7,1,8,1,,,1
Clutha District Council,Catlins,FPP,,1,1,1,1,1,1,,,"1,274",14,"1,288",,,,,,,,,,,,,,,,,,,1,1,,1
Clutha District Council,Clinton-Clydevale,FPP,1,,1,,3,1,1,,,"1,148",3,"1,151","1,148",3,"1,151",650,56.6%,2,66.7%,652,56.6%,4,,4,3,,3,1,6,7,1,,,1
Clutha District Council,Bruce-Waihola,FPP,1,,1,,2,2,1,,,"1,297",7,"1,304","1,297",7,"1,304",612,47.2%,5,71.4%,617,47.3%,10,,10,9,,9,1,5,6,1,,,1
Clutha District Council,Kaitangata-Matau,FPP,,1,1,1,1,,,,,"1,420",1,"1,421",,,,,,,,,,,,,,,,,,,,,,1
Clutha District Council,Lawrence-Tuapeka,FPP,1,,1,,2,,,,,"1,369",2,"1,371","1,369",2,"1,371",908,66.3%,3,150.0%,911,66.4%,16,1,17,14,1,15,,13,13,1,,,1
Clutha District Council,West Otago,FPP,,1,1,1,1,1,1,,1,"1,420",4,"1,424",,,,,,,,,,,,,,,,,,,1,1,,1
Dunedin City Council,At Large,STV,1,,14,,54,14,8,3,1,"94,566",151,"94,717","94,566",151,"94,717","43,171",45.7%,129,85.4%,"43,300",45.7%,"1,323",27,"1,350","1,141",24,"1,165",579,423,"1,002",23,4,,14
Far North District Council,Bay Of Islands-Whangaroa General,STV,1,,3,,12,3,2,,,"18,747",70,"18,817","18,747",70,"18,817","9,971",53.2%,63,90.0%,"10,034",53.3%,112,1,113,50,1,51,86,131,217,4,3,,3
Far North District Council,Kaikohe-Hokianga General,STV,1,,1,,2,1,1,,,"4,979",17,"4,996","4,979",17,"4,996","2,578",51.8%,16,94.1%,"2,594",51.9%,184,,184,97,,97,9,87,96,,,,1
Far North District Council,Te Hiku General,STV,1,,2,,9,1,1,3,1,"9,963",52,"10,015","9,963",52,"10,015","5,004",50.2%,45,86.5%,"5,049",50.4%,239,1,240,111,1,112,81,43,124,3,2,,2
Far North District Council,Ng? Tai o Tokerau M?ori,STV,1,,4,,7,4,2,1,1,"14,617",6,"14,623","14,617",6,"14,623","6,871",47.0%,6,100.0%,"6,877",47.0%,"1,165",1,"1,166",537,1,538,66,107,173,4,3,,4
Gisborne District Council,Tair?whiti General,STV,1,,8,,19,6,5,,,"22,301",35,"22,336","22,301",35,"22,336","11,207",50.3%,31,88.6%,"11,238",50.3%,491,2,493,353,2,355,248,97,345,2,2,,8
Gisborne District Council,Tair?whiti M?ori,STV,1,,5,,11,4,4,,,"11,721",10,"11,731","11,721",10,"11,731","5,131",43.8%,8,80.0%,"5,139",43.8%,445,,445,277,,277,81,29,110,8,4,,5
Gore District Council,Gore,FPP,1,,5,,6,2,2,,,"5,664",15,"5,679","5,664",15,"5,679","3,175",56.1%,15,100.0%,"3,190",56.2%,103,4,107,90,3,93,1,51,52,3,2,,5
Gore District Council,Rural,FPP,,1,2,2,2,,,,,"2,267",8,"2,275",,,,,,,,,,,,,,,,,,,,,,2
Gore District Council,Mataura,FPP,,1,1,1,1,,,1,1,"1,093",2,"1,095",,,,,,,,,,,,,,,,,,,1,1,,1
Gore District Council,At Large,FPP,1,,3,,5,1,1,1,,"9,024",25,"9,049","9,024",25,"9,049","4,968",55.1%,23,92.0%,"4,991",55.2%,125,8,133,109,7,116,12,152,164,,,,3
Grey District Council,Central,FPP,1,,3,,5,2,2,,,"3,477",8,"3,485","3,477",8,"3,485","1,531",44.0%,6,75.0%,"1,537",44.1%,37,1,38,26,1,27,2,45,47,1,,,3
Grey District Council,Eastern,FPP,,1,2,2,2,2,2,,,"2,406",2,"2,408",,,,,,,,,,,,,,,,,,,,,,2
Grey District Council,Northern,FPP,,1,1,1,1,1,1,,,"1,188",1,"1,189",,,,,,,,,,,,,,,,,,,1,1,,1
Grey District Council,Southern,FPP,1,,2,,4,2,1,,,"2,803",1,"2,804","2,803",1,"2,804","1,554",55.4%,1,100.0%,"1,555",55.5%,44,2,46,37,2,39,1,36,37,1,1,,2
Hamilton City Council,East,STV,1,,6,,27,3,2,,,"54,656",92,"54,748","54,656",92,"54,748","19,048",34.9%,83,90.2%,"19,131",34.9%,"1,031",,"1,031",593,,593,386,183,569,11,3,,6
Hamilton City Council,West,STV,1,,6,,15,5,4,,,"45,249",87,"45,336","45,249",87,"45,336","14,640",32.4%,79,90.8%,"14,719",32.5%,786,1,787,470,1,471,175,249,424,6,4,,6
Hamilton City Council,Kirikiriroa Maaori Ward,STV,1,,2,,6,,,,,"15,344",5,"15,349","15,344",5,"15,349","4,208",27.4%,5,100.0%,"4,213",27.4%,443,,443,244,,244,71,69,140,2,1,,2
Hastings District Council,Flaxmere General,FPP,1,,1,,2,1,,,,"4,071",,"4,071","4,071",,"4,071","1,259",30.9%,,#DIV/0!,"1,259",30.9%,41,1,42,27,1,28,2,31,33,,,,1
Hastings District Council,Hastings-Havelock North General,FPP,1,,7,,16,3,3,,,"29,896",33,"29,929","29,896",33,"29,929","14,146",47.3%,31,93.9%,"14,177",47.4%,384,6,390,343,3,346,27,224,251,5,1,,7
Hastings District Council,Heretaunga General,FPP,,1,2,2,2,1,1,,,"7,283",11,"7,294",,,,,,,,,,,,,,,,,,,1,1,,2
Hastings District Council,Kahur?naki General,FPP,,1,1,1,1,,,,,"3,892",10,"3,902",,,,,,,,,,,,,,,,,,,1,1,,1
Hastings District Council,Mohaka General,FPP,1,,1,,3,,,,,"3,966",8,"3,974","3,966",8,"3,974","1,891",47.7%,8,100.0%,"1,899",47.8%,54,2,56,39,1,40,2,56,58,2,,,1
Hastings District Council,Takitimu M?ori,FPP,1,,3,,5,1,1,,,"9,206",1,"9,207","9,206",1,"9,207","3,499",38.0%,1,100.0%,"3,500",38.0%,139,2,141,118,2,120,1,40,41,3,2,,3
Hauraki District Council,Paeroa,FPP,1,,3,,5,3,3,,,"4,112",3,"4,115","4,112",3,"4,115","1,876",45.6%,2,66.7%,"1,878",45.6%,42,,42,23,,23,4,28,32,2,1,,3
Hauraki District Council,Plains,FPP,1,,4,,5,3,3,,,"4,080",6,"4,086","4,080",6,"4,086","1,715",42.0%,6,100.0%,"1,721",42.1%,32,,32,22,,22,2,16,18,1,1,,4
Hauraki District Council,Waihi,FPP,1,,4,,7,2,2,,,"5,367",20,"5,387","5,367",20,"5,387","2,078",38.7%,16,80.0%,"2,094",38.9%,52,,52,41,,41,3,21,24,3,3,,4
Hauraki District Council,Te Pakikau o Te Ika M?ori,FPP,,1,2,2,2,,,,,"1,622",,"1,622",,,,,,,,,,,,,,,,,,,,,,2
Horowhenua District Council,Kere Kere General,FPP,1,,2,,5,1,1,2,1,"3,872",35,"3,907","3,872",35,"3,907","1,855",47.9%,31,88.6%,"1,886",48.3%,56,4,60,39,2,41,,41,41,1,1,,2
Horowhenua District Council,Levin General,FPP,1,,5,,14,3,3,,,"11,080",18,"11,098","11,080",18,"11,098","4,829",43.6%,17,94.4%,"4,846",43.7%,207,6,213,180,6,186,9,70,79,7,2,,5
Horowhenua District Council,Miranui General,FPP,1,,1,,2,1,1,,,"1,810",1,"1,811","1,810",1,"1,811",877,48.5%,1,100.0%,878,48.5%,21,2,23,18,1,19,,11,11,1,,,1
Horowhenua District Council,Waiopehu General,FPP,1,,2,,6,,,,,"5,841",40,"5,881","5,841",40,"5,881","3,275",56.1%,38,95.0%,"3,313",56.3%,113,15,128,95,11,106,2,76,78,1,,,2
Horowhenua District Council,Horowhenua M?ori,FPP,1,,2,,4,1,1,,,"3,048",,"3,048","3,048",,"3,048","1,291",42.4%,,#DIV/0!,"1,291",42.4%,87,5,92,75,3,78,2,28,30,3,2,,2
Hurunui District Council,East,FPP,,1,2,2,2,2,2,,,"1,861",12,"1,873",,,,,,,,,,,,,,,,,,,1,1,,2
Hurunui District Council,South,FPP,1,,4,,9,2,2,,,"4,507",5,"4,512","4,507",5,"4,512","1,948",43.2%,5,100.0%,"1,953",43.3%,67,3,70,34,1,35,9,13,22,2,1,,4
Hurunui District Council,West,FPP,1,,4,,5,2,2,,,"3,239",63,"3,302","3,239",63,"3,302","1,330",41.1%,54,85.7%,"1,384",41.9%,19,3,22,14,2,16,1,12,13,,,,4
Hutt City Council,At Large,FPP,1,,5,,12,2,2,2,1,"78,961",65,"79,026","78,961",65,"79,026","32,984",41.8%,53,81.5%,"33,037",41.8%,"1,210",26,"1,236",888,17,905,127,732,859,5,3,,5
Hutt City Council,Central,FPP,1,,2,,6,1,1,,,"19,388",21,"19,409","19,388",21,"19,409","8,461",43.6%,17,81.0%,"8,478",43.7%,293,11,304,216,7,223,35,358,393,2,1,,2
Hutt City Council,Harbour,FPP,,1,1,1,1,1,1,,,"11,371",21,"11,392",,,,,,,,,,,,,,,,,,,1,1,,1
Hutt City Council,Northern,FPP,,1,2,2,2,2,2,,,"18,895",11,"18,906",,,,,,,,,,,,,,,,,,,1,1,,2
Hutt City Council,Wainuiomata,FPP,,1,1,1,1,1,1,,,"12,026",6,"12,032",,,,,,,,,,,,,,,,,,,1,1,,1
Hutt City Council,Western,FPP,1,,1,,2,1,1,,,"10,040",5,"10,045","10,040",5,"10,045","4,366",43.5%,3,60.0%,"4,369",43.5%,140,,140,109,,109,1,172,173,,,,1
Hutt City Council,Mana Kairangi Ki Tai M?ori,FPP,,1,1,1,1,,,1,1,"7,241",1,"7,242",,,,,,,,,,,,,,,,,,,1,1,,1
Invercargill City Council,At Large,FPP,1,,12,,27,8,8,,,"38,755",74,"38,829","38,755",74,"38,829","17,930",46.3%,66,89.2%,"17,996",46.3%,781,18,799,606,13,619,51,132,183,8,5,,12
Kaik?ura District Council,At Large,FPP,1,,7,,16,4,4,,,"3,037",25,"3,062","3,037",25,"3,062","1,859",61.2%,22,88.0%,"1,881",61.4%,73,5,78,60,3,63,3,1,4,6,2,,7
Kaipara District Council,Wairoa General,FPP,1,,3,,13,3,1,,,"7,280",26,"7,306","7,280",26,"7,306","4,477",61.5%,20,76.9%,"4,497",61.6%,235,,235,92,,92,18,15,33,3,1,,3
Kaipara District Council,Otamatea General,FPP,1,,2,,7,1,,,,"3,997",36,"4,033","3,997",36,"4,033","2,239",56.0%,29,80.6%,"2,268",56.2%,119,,119,59,,59,2,42,44,2,1,,2
Kaipara District Council,Kaiwaka-Mangawhai General,FPP,1,,3,,8,2,2,,,"6,824",164,"6,988","6,824",164,"6,988","3,794",55.6%,143,87.2%,"3,937",56.3%,140,,140,47,,47,,20,20,2,1,,3
K?piti Coast District Council,At Large,STV,1,,2,,9,2,1,1,,"43,313",351,"43,664","43,313",351,"43,664","20,169",46.6%,312,88.9%,"20,481",46.9%,787,7,794,555,7,562,147,742,889,4,1,,2
K?piti Coast District Council,?taki,STV,1,,1,,5,2,,1,,"5,557",58,"5,615","5,557",58,"5,615","2,763",49.7%,60,103.4%,"2,823",50.3%,126,2,128,87,2,89,2,32,34,2,1,,1
K?piti Coast District Council,Paek?k?riki-Raumati,STV,1,,1,,3,,,1,1,"6,033",40,"6,073","6,033",40,"6,073","2,938",48.7%,32,80.0%,"2,970",48.9%,151,2,153,118,2,120,2,118,120,1,,,1
K?piti Coast District Council,Paraparaumu,STV,1,,3,,11,2,2,2,1,"16,840",74,"16,914","16,840",74,"16,914","7,178",42.6%,65,87.8%,"7,243",42.8%,215,2,217,142,2,144,45,306,351,2,,,3
K?piti Coast District Council,Waikanae,STV,1,,2,,9,2,1,1,,"12,149",177,"12,326","12,149",177,"12,326","6,148",50.6%,153,86.4%,"6,301",51.1%,178,1,179,132,1,133,55,202,257,1,1,,2
K?piti Coast District Council,K?piti Coast M?ori,STV,1,,1,,6,,,,,"2,734",2,"2,736","2,734",2,"2,736","1,142",41.8%,2,100.0%,"1,144",41.8%,117,,117,76,,76,6,21,27,1,,,1
Kawerau District Council,Kawerau General,FPP,1,,3,,4,1,1,,,"3,098",8,"3,106","3,098",8,"3,106","1,488",48.0%,5,62.5%,"1,493",48.1%,55,2,57,32,2,34,2,24,26,2,1,,3
Kawerau District Council,Kawerau M?ori,FPP,1,,3,,4,,,,,"2,068",1,"2,069","2,068",1,"2,069",851,41.2%,1,100.0%,852,41.2%,54,1,55,34,,34,1,8,9,3,2,,3
Kawerau District Council,At Large,FPP,1,,2,,4,3,2,,,"5,166",9,"5,175","5,166",9,"5,175","2,339",45.3%,6,66.7%,"2,345",45.3%,109,3,112,66,2,68,11,31,42,3,2,,2
Mackenzie District Council,Opuha,FPP,1,,3,,5,2,2,,,"1,642",10,"1,652","1,642",10,"1,652","1,019",62.1%,9,90.0%,"1,028",62.2%,28,4,32,13,2,15,1,4,5,3,1,,3
Mackenzie District Council,Pukaki,FPP,1,,3,,6,1,,1,1,"1,342",59,"1,401","1,342",59,"1,401",801,59.7%,55,93.2%,856,61.1%,40,33,73,26,19,45,,4,4,1,1,,3
Mackenzie District Council,Tekapo ,FPP,1,,1,,2,,,,,375,44,419,375,44,419,209,55.7%,37,84.1%,246,58.7%,16,3,19,14,3,17,,2,2,2,1,,1
Manawat? District Council,Feilding,FPP,1,,5,,10,1,1,,,"10,724",11,"10,735","10,724",11,"10,735","4,684",43.7%,11,100.0%,"4,695",43.7%,129,1,130,99,,99,8,52,60,1,1,,5
Manawat? District Council,Rural,FPP,1,,5,,7,3,2,,,"10,295",18,"10,313","10,295",18,"10,313","4,461",43.3%,15,83.3%,"4,476",43.4%,56,7,63,48,6,54,4,97,101,2,2,,5
Manawat? District Council,Ng? Tapuae o Matanagi M?ori,FPP,,1,1,1,1,1,1,,,"1,714",,"1,714",,,,,,,,,,,,,,,,,,,1,1,,1
Marlborough District Council,Blenheim General,STV,1,,7,,16,4,4,,,"18,479",9,"18,488","18,479",9,"18,488","8,418",45.6%,8,88.9%,"8,426",45.6%,187,5,192,160,5,165,152,80,232,8,2,,7
Marlborough District Council,Marlborough Sounds General,STV,1,,3,,6,2,2,,,"6,271",72,"6,343","6,271",72,"6,343","2,868",45.7%,65,90.3%,"2,933",46.2%,39,12,51,33,10,43,46,38,84,3,2,,3
Marlborough District Council,Wairau-Awatere General,STV,,1,3,3,3,3,3,,,"8,108",6,"8,114",,,,,,,,,,,,,,,,,,,1,1,,3
Marlborough District Council,Marlborough M?ori,STV,,1,1,1,1,1,1,,,"1,862",,"1,862",,,,,,,,,,,,,,,,,,,1,1,,1
Masterton District Council,Masterton/Whakaoriori General,FPP,1,,4,,10,4,3,,,"18,220",46,"18,266","18,220",46,"18,266","8,795",48.3%,42,91.3%,"8,837",48.4%,210,11,221,171,7,178,10,176,186,5,,,4
Masterton District Council,At Large,FPP,1,,3,,8,2,2,,,"20,062",46,"20,108","20,062",46,"20,108","9,522",47.5%,42,91.3%,"9,564",47.6%,271,12,283,225,8,233,78,224,302,2,1,,3
Masterton District Council,Masterton/Whakaoriori M?ori,FPP,1,,1,,2,1,,,,"1,842",,"1,842","1,842",,"1,842",727,39.5%,,#DIV/0!,727,39.5%,61,1,62,54,1,55,2,16,18,2,1,,1
Matamata-Piako District Council,Morrinsville General,FPP,1,,4,,6,4,3,,,"8,726",5,"8,731","8,726",5,"8,731","3,908",44.8%,5,100.0%,"3,913",44.8%,73,3,76,55,3,58,4,56,60,2,1,,4
Matamata-Piako District Council,Te Aroha General,FPP,1,,3,,7,,,,,"5,191",3,"5,194","5,191",3,"5,194","2,688",51.8%,3,100.0%,"2,691",51.8%,45,1,46,41,,41,4,53,57,2,,,3
Matamata-Piako District Council,Matamata General,FPP,1,,4,,7,4,2,,,"9,326",7,"9,333","9,326",7,"9,333","4,439",47.6%,6,85.7%,"4,445",47.6%,129,2,131,93,1,94,3,67,70,1,1,,4
Matamata-Piako District Council,Te Toa Horop? ? Matamata-Piako M?ori,FPP,,1,1,1,1,1,1,,,"1,975",,"1,975",,,,,,,,,,,,,,,,,,,,,,1
Napier City Council,Ahuriri,FPP,1,,3,,9,2,2,,,"14,064",40,"14,104","14,064",40,"14,104","7,514",53.4%,35,87.5%,"7,549",53.5%,267,11,278,237,10,247,9,118,127,4,1,,3
Napier City Council,Nelson Central,FPP,1,,3,,5,2,1,,,"13,396",8,"13,404","13,396",8,"13,404","5,126",38.3%,8,100.0%,"5,134",38.3%,142,2,144,115,1,116,2,85,87,2,1,,3
Napier City Council,Taradale,FPP,1,,3,,4,3,3,,,"13,839",13,"13,852","13,839",13,"13,852","7,089",51.2%,12,92.3%,"7,101",51.3%,178,6,184,135,5,140,1,163,164,1,1,,3
Napier City Council,Te Whanga M?ori,FPP,1,,2,,3,,,,,"4,918",,"4,918","4,918",,"4,918","1,541",31.3%,,#DIV/0!,"1,541",31.3%,106,2,108,91,2,93,,45,45,2,2,,2
Nelson City Council,Central General,STV,1,,4,,13,3,3,,,"18,010",53,"18,063","18,010",53,"18,063","9,222",51.2%,44,83.0%,"9,266",51.3%,385,13,398,336,13,349,176,315,491,4,1,,4
Nelson City Council,Stoke-T?hunanui General,STV,1,,4,,9,3,3,,,"18,852",55,"18,907","18,852",55,"18,907","9,011",47.8%,44,80.0%,"9,055",47.9%,254,9,263,195,7,202,185,285,470,4,3,,4
Nelson City Council,At Large,STV,1,,3,,9,1,1,,,"38,556",109,"38,665","38,556",109,"38,665","18,700",48.5%,89,81.7%,"18,789",48.6%,661,23,684,550,21,571,331,706,"1,037",2,,,3
Nelson City Council,Whakat? M?ori,STV,,1,1,1,1,1,1,,,"1,694",1,"1,695",,,,,,,,,,,,,,,,,,,,,,1
New Plymouth District Council,North General,STV,1,,1,,6,,,2,,"6,974",11,"6,985","6,974",11,"6,985","3,063",43.9%,10,90.9%,"3,073",44.0%,63,,63,37,,37,16,190,206,2,1,,1
New Plymouth District Council,K?hanga Moa General,STV,1,,1,,3,,,2,1,"7,280",4,"7,284","7,280",4,"7,284","3,530",48.5%,5,125.0%,"3,535",48.5%,87,1,88,57,1,58,19,327,346,2,1,,1
New Plymouth District Council,Kaitake-Ng?motu General,STV,1,,6,,19,2,1,2,1,"42,531",37,"42,568","42,531",37,"42,568","20,244",47.6%,42,113.5%,"20,286",47.7%,689,3,692,455,1,456,"1,296","1,247","2,543",4,3,,6
New Plymouth District Council,At Large,STV,1,,5,,17,4,3,1,,"61,552",55,"61,607","61,552",55,"61,607","28,565",46.4%,60,109.1%,"28,625",46.5%,951,4,955,618,2,620,329,533,862,5,,,5
New Plymouth District Council,Te Purutanga Mauri P?manawa M?ori,STV,1,,1,,2,1,1,,,"4,767",3,"4,770","4,767",3,"4,770","1,728",36.2%,3,100.0%,"1,731",36.3%,112,,112,69,,69,8,62,70,1,1,,1
?p?tiki District Council,Rural,FPP,1,,2,,5,2,2,,,"1,988",23,"2,011","1,988",23,"2,011","1,078",54.2%,21,91.3%,"1,099",54.6%,39,,39,29,,29,1,12,13,2,,,2
?p?tiki District Council,Urban,FPP,1,,2,,5,2,2,,,"1,617",4,"1,621","1,617",4,"1,621",763,47.2%,4,100.0%,767,47.3%,20,1,21,14,1,15,,8,8,2,1,,2
?p?tiki District Council,Coast M?ori,FPP,1,,1,,2,,,,,948,2,950,948,2,950,381,40.2%,4,200.0%,385,40.5%,20,2,22,8,2,10,,9,9,,,,1
?p?tiki District Council,?p?tiki M?ori,FPP,1,,2,,3,,,,,"1,958",3,"1,961","1,958",3,"1,961",808,41.3%,4,133.3%,812,41.4%,60,1,61,40,1,41,1,8,9,3,2,,2
?torohanga District Council,K?whia-Tihiroa General,FPP,,1,2,2,2,1,1,1,1,"1,685",32,"1,717",,,,,,,,,,,,,,,,,,,1,1,,2
?torohanga District Council,Waip? General,FPP,1,,1,,2,1,,,,733,,733,733,,733,418,57.0%,,#DIV/0!,418,57.0%,14,,14,12,,12,,9,9,,,,1
?torohanga District Council,Kio Kio-Korakonui General,FPP,,1,1,1,1,,,,,55,6,61,,,,,,,,,,,,,,,,,,,,,,1
?torohanga District Council,?torohanga General,FPP,1,,2,,3,1,1,,,"1,509",7,"1,516","1,509",7,"1,516",767,50.8%,6,85.7%,773,51.0%,30,,30,10,,10,,30,30,2,2,,2
?torohanga District Council,Wharepuhunga General,FPP,,1,1,1,1,,,,,542,,542,,,,,,,,,,,,,,,,,,,,,,1
?torohanga District Council,Rangi?tea M?ori,FPP,1,,2,,5,1,1,,,"1,078",2,"1,080","1,078",2,"1,080",557,51.7%,2,100.0%,559,51.8%,56,2,58,28,1,29,1,8,9,4,2,,2
Palmerston North City Council,Te Hirawanui General,STV,1,,13,,37,12,12,,,"54,159",69,"54,228","54,159",69,"54,228","23,094",42.6%,64,92.8%,"23,158",42.7%,830,2,832,496,2,498,477,222,699,8,5,,13
Palmerston North City Council,Te P?ao M?ori,STV,1,,2,,3,2,1,,,"5,249",1,"5,250","5,249",1,"5,250","1,901",36.2%,1,100.0%,"1,902",36.2%,167,,167,93,,93,27,32,59,2,2,,2
Porirua City Council,P?uatahanui General,STV,1,,4,,8,3,3,,,"16,968",18,"16,986","16,968",18,"16,986","7,935",46.8%,17,94.4%,"7,952",46.8%,233,5,238,169,4,173,18,86,104,2,1,,4
Porirua City Council,Onepoto General,STV,1,,5,,15,5,4,,,"20,987",22,"21,009","20,987",22,"21,009","7,669",36.5%,21,95.5%,"7,690",36.6%,322,7,329,267,6,273,72,109,181,7,2,,5
Porirua City Council,Parirua M?ori,STV,1,,1,,4,1,1,,,"5,036",1,"5,037","5,036",1,"5,037","1,980",39.3%,1,100.0%,"1,981",39.3%,133,1,134,107,1,108,12,28,40,3,1,,1
Queenstown-Lakes District Council,Queenstown-Whakatipu,FPP,1,,4,,7,2,2,,,"10,319",132,"10,451","10,319",132,"10,451","3,596",34.8%,99,75.0%,"3,695",35.4%,159,18,177,136,16,152,4,55,59,,,,4
Queenstown-Lakes District Council,W?naka-Upper Clutha,FPP,1,,4,,9,5,3,,,"12,048",175,"12,223","12,048",175,"12,223","5,573",46.3%,137,78.3%,"5,710",46.7%,258,40,298,227,34,261,15,28,43,3,2,,4
Queenstown-Lakes District Council,Arrowtown-Kawarau,FPP,1,,3,,5,1,,,,"8,390",54,"8,444","8,390",54,"8,444","3,473",41.4%,49,90.7%,"3,522",41.7%,119,14,133,104,13,117,7,117,124,2,1,,3
Rangit?kei District Council,Northern General,FPP,1,,2,,3,1,1,1,,"1,914",3,"1,917","1,914",3,"1,917",997,52.1%,3,100.0%,"1,000",52.2%,13,2,15,12,2,14,,16,16,1,1,,2
Rangit?kei District Council,Central General,FPP,1,,5,,8,2,2,,,"5,043",7,"5,050","5,043",7,"5,050","2,727",54.1%,5,71.4%,"2,732",54.1%,42,3,45,28,1,29,7,23,30,2,2,,5
Rangit?kei District Council,Southern General,FPP,1,,2,,4,,,,,"2,283",7,"2,290","2,283",7,"2,290",952,41.7%,7,100.0%,959,41.9%,19,2,21,15,2,17,,29,29,,,,2
Rangit?kei District Council,Tiikeitia ki Uta (Inland) M?ori,FPP,,1,1,1,1,1,1,,,932,1,933,,,,,,,,,,,,,,,,,,,1,1,,1
Rangit?kei District Council,Tiikeitia ki Tai (Coastal) M?ori,FPP,1,,1,,2,1,1,,,745,,745,745,,745,324,43.5%,,#DIV/0!,324,43.5%,14,2,16,10,1,11,,11,11,1,1,,1
Rotorua District Council,Rotorua Rural General,FPP,,1,1,1,1,1,1,,,"4,589",11,"4,600",,,,,,,,,,,,,,,,,,,1,1,,1
Rotorua District Council,Te Ipu Wai Auraki General,FPP,1,,6,,22,6,5,,,"31,930",146,"32,076","31,930",146,"32,076","14,603",45.7%,128,87.7%,"14,731",45.9%,458,17,475,394,16,410,48,133,181,6,1,,6
Rotorua District Council,Te Ipu Wai Taketake M?ori,FPP,1,,3,,6,2,1,,,"13,403",3,"13,406","13,403",3,"13,406","5,033",37.6%,2,66.7%,"5,035",37.6%,314,3,317,264,3,267,1,42,43,2,1,,3
Ruapehu District Council,Ruapehu General,STV,1,,6,,14,4,4,3,1,"6,243",134,"6,377","6,243",134,"6,377","3,336",53.4%,111,82.8%,"3,447",54.1%,104,22,126,73,17,90,40,93,133,8,3,,6
Ruapehu District Council,Ruapehu M?ori,STV,1,,3,,6,3,2,,,"1,965",2,"1,967","1,965",2,"1,967",853,43.4%,2,100.0%,855,43.5%,60,4,64,38,4,42,12,16,28,3,1,,3
Selwyn District Council,Tawera Malvern,FPP,1,,1,,2,,,1,,"6,708",28,"6,736","6,708",28,"6,736","4,050",60.4%,26,92.9%,"4,076",60.5%,113,5,118,78,2,80,1,295,296,1,,,1
Selwyn District Council,K? M?nia Rolleston,FPP,1,,3,,12,1,1,,,"19,913",9,"19,922","19,913",9,"19,922","8,482",42.6%,8,88.9%,"8,490",42.6%,323,,323,257,,257,9,99,108,1,1,,3
Selwyn District Council,Te Waihora Ellesmere,FPP,1,,1,,2,1,1,,,"6,916",16,"6,932","6,916",16,"6,932","3,597",52.0%,16,100.0%,"3,613",52.1%,75,2,77,57,1,58,6,73,79,1,1,,1
Selwyn District Council,K? Puna Springs,FPP,1,,3,,7,,,,,"21,123",9,"21,132","21,123",9,"21,132","10,252",48.5%,9,100.0%,"10,261",48.6%,249,4,253,214,3,217,1,388,389,2,2,,3
Selwyn District Council,At Large,FPP,1,,2,,6,,,1,,"54,660",62,"54,722","54,660",62,"54,722","26,381",48.3%,59,95.2%,"26,440",48.3%,760,11,771,606,6,612,128,"1,156","1,284",3,1,,2
South Taranaki District Council,Taranaki Coastal General,FPP,1,,2,,3,2,2,,,"3,275",4,"3,279","3,275",4,"3,279","1,462",44.6%,4,100.0%,"1,466",44.7%,22,,22,12,,12,,46,46,1,1,,2
South Taranaki District Council,Eltham-Kaponga General,FPP,1,,2,,4,2,1,1,1,"2,725",5,"2,730","2,725",5,"2,730","1,127",41.4%,5,100.0%,"1,132",41.5%,28,,28,20,,20,4,44,48,2,1,,2
South Taranaki District Council,Te H?wera General,FPP,1,,5,,7,3,2,1,1,"7,888",5,"7,893","7,888",5,"7,893","3,808",48.3%,4,80.0%,"3,812",48.3%,68,,68,30,,30,1,52,53,4,3,,5
South Taranaki District Council,P?tea General,FPP,,1,2,,2,2,2,,,"2,155",13,"2,168",,,,,,,,,,,,,,,,,,,,,,2
South Taranaki District Council,Te Tai Tonga M?ori,FPP,,1,1,,,,,,,"1,539",,"1,539",,,,,,,,,,,,,,,,,,,1,1,,1
South Taranaki District Council,Te K?rae M?ori,FPP,1,,1,,,1,2,,,"1,087",,"1,087","1,087",,"1,087",451,41.5%,2,#DIV/0!,453,41.7%,25,,25,18,,18,,18,18,2,1,,1
South Waikato District Council,Put?ruru,FPP,1,,3,,7,2,1,,,"4,682",4,"4,686","4,682",4,"4,686","2,510",53.6%,4,100.0%,"2,514",53.6%,76,3,79,50,2,52,1,10,11,2,1,,3
South Waikato District Council,Tirau,FPP,,1,1,1,1,1,1,,,"1,646",,"1,646",,,,,,,,,,,,,,,,,,,1,1,,1
South Waikato District Council,Tokoroa,FPP,1,,6,,16,5,3,,,"10,161",2,"10,163","10,161",2,"10,163","4,337",42.7%,1,50.0%,"4,338",42.7%,158,4,162,114,4,118,11,17,28,3,3,,6
South Wairarapa District Council,Featherston,FPP,1,,3,,5,1,1,,,"2,501",16,"2,517","2,501",16,"2,517","1,346",53.8%,15,93.8%,"1,361",54.1%,37,4,41,30,3,33,4,23,27,2,1,,3
South Wairarapa District Council,Greytown,FPP,1,,3,,4,1,1,,,"3,277",23,"3,300","3,277",23,"3,300","2,027",61.9%,21,91.3%,"2,048",62.1%,68,16,84,51,12,63,2,60,62,2,1,,3
South Wairarapa District Council,Martinborough,FPP,1,,3,,5,1,1,1,,"2,994",75,"3,069","2,994",75,"3,069","1,940",64.8%,70,93.3%,"2,010",65.5%,62,27,89,39,17,56,5,26,31,1,,,3
South Wairarapa District Council,Te Karu O Te Ika a Maui M?ori,FPP,1,,1,,2,,,,,460,,460,460,,460,208,45.2%,,#DIV/0!,208,45.2%,11,,11,9,,9,,14,14,1,1,,1
Southland District Council,Maraora Waimea,FPP,,1,3,3,3,3,3,,,"5,309",55,"5,364",,,,,,,,,,,,,,,,,,,1,1,,3
Southland District Council,Waiau Aparima,FPP,1,,3,,4,2,2,1,1,"4,913",23,"4,936","4,913",23,"4,936","1,956",39.8%,23,100.0%,"1,979",40.1%,21,3,24,20,2,22,,97,97,1,1,,3
Southland District Council,Oreti,FPP,1,,3,,4,1,1,2,1,"5,970",3,"5,973","5,970",3,"5,973","2,632",44.1%,2,66.7%,"2,634",44.1%,41,4,45,32,2,34,,72,72,2,1,,3
Southland District Council,Waihopai Toetoe,FPP,1,,2,,4,2,2,1,,"4,013",11,"4,024","4,013",11,"4,024","1,549",38.6%,10,90.9%,"1,559",38.7%,13,2,15,10,2,12,2,23,25,2,1,,2
Southland District Council,Stewart Island/Rakiura,FPP,,1,1,1,1,1,1,,,318,28,346,,,,,,,,,,,,,,,,,,,,,,1
Stratford District Council,Stratford Rural General,FPP,,1,4,4,4,3,3,,,"2,424",7,"2,431",,,,,,,,,,,,,,,,,,,2,2,,4
Stratford District Council,Stratford Urban General,FPP,1,,6,,12,4,4,,,"4,074",4,"4,078","4,074",4,"4,078","2,239",55.0%,6,150.0%,"2,245",55.1%,80,2,82,48,1,49,8,29,37,4,3,,6
Stratford District Council,Stratford M?ori,FPP,1,,1,,3,,,,,346,,346,346,,346,131,37.9%,,#DIV/0!,131,37.9%,6,,6,5,,5,,3,3,1,,,1
Tararua District Council,North Tararua General,FPP,1,,4,,11,3,3,1,,"6,041",13,"6,054","6,041",13,"6,054","3,704",61.3%,12,92.3%,"3,716",61.4%,98,3,101,86,3,89,3,23,26,5,3,,4
Tararua District Council,South Tararua General,FPP,1,,4,,11,3,1,1,,"5,374",9,"5,383","5,374",9,"5,383","2,765",51.5%,7,77.8%,"2,772",51.5%,42,5,47,34,4,38,5,66,71,1,1,,4
Tararua District Council,Tamaki nui-a-Rua M?ori,FPP,1,,1,,2,1,,,,"1,397",1,"1,398","1,397",1,"1,398",630,45.1%,1,100.0%,631,45.1%,47,,47,41,,41,,21,21,2,1,,1
Tasman District Council,Golden Bay,FPP,1,,2,,5,2,2,,,"4,105",74,"4,179","4,105",74,"4,179","2,379",58.0%,68,91.9%,"2,447",58.6%,95,4,99,45,3,48,1,16,17,1,1,,2
Tasman District Council,Lakes-Murchison,FPP,1,,1,,3,,,,,"2,479",37,"2,516","2,479",37,"2,516","1,238",49.9%,35,94.6%,"1,273",50.6%,24,,24,10,,10,11,30,41,1,,,1
Tasman District Council,Motueka,FPP,1,,3,,4,2,2,,,"8,863",36,"8,899","8,863",36,"8,899","4,121",46.5%,34,94.4%,"4,155",46.7%,102,1,103,68,1,69,,45,45,2,2,,3
Tasman District Council,Moutere-Waimea,FPP,1,,3,,4,1,1,,,"11,508",17,"11,525","11,508",17,"11,525","5,473",47.6%,15,88.2%,"5,488",47.6%,128,,128,91,,91,7,218,225,,,,3
Tasman District Council,Richmond,FPP,1,,4,,6,4,3,,,"13,788",21,"13,809","13,788",21,"13,809","6,385",46.3%,24,114.3%,"6,409",46.4%,173,1,174,113,1,114,6,107,113,1,1,,4
Tasman District Council,Te Tai O Aorere M?ori,FPP,,1,1,,1,,,,,"1,341",1,"1,342",,,,,,,,,,,,,,,,,,,,,,1
Taup? District Council,Mangakino-Pouakani,FPP,1,,1,,2,,,,,"1,325",11,"1,336","1,325",11,"1,336",671,50.6%,9,81.8%,680,50.9%,31,10,41,23,10,33,,33,33,2,1,,1
Taup? District Council,Taup? Ward,FPP,1,,7,,16,5,4,,,"18,265",231,"18,496","18,265",231,"18,496","10,628",58.2%,199,86.1%,"10,827",58.5%,487,55,542,400,50,450,28,132,160,7,4,,7
Taup? District Council,Turangi-Tongariro,FPP,1,,1,,3,1,1,,,"2,324",192,"2,516","2,324",192,"2,516","1,492",64.2%,166,86.5%,"1,658",65.9%,65,37,102,45,36,81,6,37,43,1,1,,1
Taup? District Council,Taup? East Rural,FPP,1,,1,,2,1,,,,"1,679",2,"1,681","1,679",2,"1,681",870,51.8%,2,100.0%,872,51.9%,12,1,13,10,1,11,,55,55,2,1,,1
Taup? District Council,Te Papam?rearea M?ori,FPP,1,,2,,3,1,,,,"4,238",2,"4,240","4,238",2,"4,240","1,828",43.1%,1,50.0%,"1,829",43.1%,125,2,127,100,2,102,,37,37,2,2,,2
Thames-Coromandel District Council,Coromandel-Colville,FPP,1,,1,,2,,,,,"2,115",71,"2,186","2,115",71,"2,186","1,148",54.3%,65,91.5%,"1,213",55.5%,73,,73,43,,43,,33,33,,,,1
Thames-Coromandel District Council,Mercury Bay Ward,FPP,1,,3,,6,3,1,,,"7,430",500,"7,930","7,430",500,"7,930","3,531",47.5%,420,84.0%,"3,951",49.8%,102,1,103,45,1,46,18,90,108,2,,,3
Thames-Coromandel District Council,Thames,FPP,1,,3,,9,1,1,2,,"7,207",41,"7,248","7,207",41,"7,248","3,704",51.4%,35,85.4%,"3,739",51.6%,169,,169,109,,109,39,71,110,2,1,,3
Thames-Coromandel District Council,South East,FPP,1,,2,,6,,,3,,"5,826",577,"6,403","5,826",577,"6,403","2,871",49.3%,498,86.3%,"3,369",52.6%,100,1,101,40,1,41,17,244,261,1,1,,2
Thames-Coromandel District Council,Te Tara O Te Ika M?ori,FPP,,1,1,1,1,,,,,"1,736",6,"1,742",,,,,,,,,,,,,,,,,,,,,,1
Timaru District Council,Geraldine,FPP,1,,1,,2,1,,,,"4,506",5,"4,511","4,506",5,"4,511","2,383",52.9%,5,100.0%,"2,388",52.9%,16,1,17,13,,13,,40,40,,,,1
Timaru District Council,Pleasant Point-Temuka,FPP,1,,2,,3,2,2,1,,"6,747",4,"6,751","6,747",4,"6,751","3,018",44.7%,4,100.0%,"3,022",44.8%,48,2,50,42,1,43,2,99,101,1,1,,2
Timaru District Council,Timaru,FPP,1,,6,,15,4,4,,,"22,328",12,"22,340","22,328",12,"22,340","10,838",48.5%,11,91.7%,"10,849",48.6%,245,7,252,193,6,199,32,25,57,3,1,,6
Upper Hutt City Council,At Large,FPP,1,,10,,25,7,6,,,"33,058",42,"33,100","33,058",42,"33,100","16,695",50.5%,33,78.6%,"16,728",50.5%,515,14,529,452,10,462,51,172,223,10,4,,10
Waikato District Council,Awaroa-Maramarua General,FPP,1,,1,,2,,,,,"4,055",2,"4,057","4,055",2,"4,057","1,307",32.2%,2,100.0%,"1,309",32.3%,16,,16,11,,11,2,47,49,1,,,1
Waikato District Council,Huntly General,FPP,1,,1,,3,1,1,,,"4,158",2,"4,160","4,158",2,"4,160","1,465",35.2%,1,50.0%,"1,466",35.2%,37,,37,29,,29,4,24,28,,,,1
Waikato District Council,Newcastle-Ng?ruaw?hia General,FPP,1,,2,,4,1,1,1,,"9,907",3,"9,910","9,907",3,"9,910","3,217",32.5%,3,100.0%,"3,220",32.5%,69,,69,54,,54,6,93,99,1,,,2
Waikato District Council,Tamahere-Woodlands General,FPP,1,,2,,5,2,2,,,"9,783",5,"9,788","9,783",5,"9,788","3,819",39.0%,4,80.0%,"3,823",39.1%,106,,106,93,,93,2,60,62,2,1,,2
Waikato District Council,Tuakau-P?keno General,FPP,1,,2,,5,2,2,,,"9,326",9,"9,335","9,326",9,"9,335","2,907",31.2%,9,100.0%,"2,916",31.2%,71,,71,43,,43,2,37,39,3,,,2
Waikato District Council,Warerenga-Whitikahu General,FPP,1,,1,,2,1,1,,,"4,613",7,"4,620","4,613",7,"4,620","1,724",37.4%,6,85.7%,"1,730",37.4%,41,1,42,25,1,26,5,56,61,2,1,,1
Waikato District Council,Western Districts General,FPP,,1,1,1,1,1,1,,,"3,607",6,"3,613",,,,,,,,,,,,,,,,,,,1,1,,1
Waikato District Council,Wh?ingaroa Genera,FPP,1,,1,,2,1,1,,,"4,177",16,"4,193","4,177",16,"4,193","1,656",39.6%,13,81.3%,"1,669",39.8%,86,,86,56,,56,1,41,42,2,1,,1
Waikato District Council,Tai Raro Takiwaa Maaori,FPP,1,,1,,3,,,,,"4,345",,"4,345","4,345",,"4,345","1,406",32.4%,,#DIV/0!,"1,406",32.4%,71,,71,33,,33,8,46,54,3,1,,1
Waikato District Council,Tai Runga Takiwaa Maaori,FPP,,1,1,1,1,1,1,,,"4,096",1,"4,097",,,,,,,,,,,,,,,,,,,1,1,,1
Waimakariri District Council,Oxford-Ohoka Ward,FPP,1,,2,,4,2,2,,,"9,382",6,"9,388","9,382",6,"9,388","4,055",43.2%,6,100.0%,"4,061",43.3%,58,,58,51,,51,3,95,98,1,1,,2
Waimakariri District Council,Rangiora-Ashley,FPP,1,,4,,10,4,2,2,1,"19,703",13,"19,716","19,703",13,"19,716","9,527",48.4%,13,100.0%,"9,540",48.4%,181,2,183,125,1,126,46,264,310,2,2,,4
Waimakariri District Council,Kaiapoi-Woodend,FPP,1,,4,,10,2,2,4,3,"20,035",12,"20,047","20,035",12,"20,047","7,558",37.7%,11,91.7%,"7,569",37.8%,122,3,125,91,3,94,30,214,244,5,1,,4
Waimate District Council,Hakataramea-Waihaorunga,FPP,1,,1,,2,,,,,506,,506,506,,506,246,48.6%,,#DIV/0!,246,48.6%,5,1,6,5,1,6,,2,2,1,,,1
Waimate District Council,Pareora-Otaio-Makikihi,FPP,1,,2,,3,1,1,,,"1,238",2,"1,240","1,238",2,"1,240",544,43.9%,2,100.0%,546,44.0%,5,1,6,5,1,6,,6,6,1,1,,2
Waimate District Council,Lower Waihao,FPP,,1,1,1,1,1,1,,,576,2,578,,,,,,,,,,,,,,,,,,,1,1,,1
Waimate District Council,Waimate,FPP,1,,4,,6,2,2,,,"3,188",7,"3,195","3,188",7,"3,195","1,933",60.6%,6,85.7%,"1,939",60.7%,53,1,54,49,1,50,3,23,26,1,1,,4
Waip? District Council,Cambridge General,FPP,1,,4,,14,2,1,1,1,"16,169",17,"16,186","16,169",17,"16,186","7,406",45.8%,13,76.5%,"7,419",45.8%,268,7,275,218,4,222,18,154,172,3,1,,4
Waip? District Council,Maungatautari General,FPP,,1,1,1,1,1,1,,,"3,436",1,"3,437",,,,,,,,,,,,,,,,,,,,,,1
Waip? District Council,Te Awamutu-Kihikihi,FPP,1,,3,,7,2,1,,,"10,711",9,"10,720","10,711",9,"10,720","4,248",39.7%,8,88.9%,"4,256",39.7%,113,3,116,97,2,99,26,68,94,2,,,3
Waip? District Council,Pirongia-Kakepuku General,FPP,1,,2,,3,1,1,,,"8,044",8,"8,052","8,044",8,"8,052","3,128",38.9%,8,100.0%,"3,136",38.9%,56,4,60,39,3,42,,79,79,2,1,,2
Waip? District Council,Waip? M?ori,FPP,1,,1,,2,,,,,"2,793",,"2,793","2,793",,"2,793",998,35.7%,,#DIV/0!,998,35.7%,37,1,38,27,1,28,1,35,36,2,1,,1
Wairoa District Council,Wairoa General,FPP,1,,3,,9,2,2,,,"3,077",27,"3,104","3,077",27,"3,104","1,819",59.1%,23,85.2%,"1,842",59.3%,74,1,75,67,1,68,2,28,30,5,2,,3
Wairoa District Council,Wairoa M?ori,FPP,1,,3,,9,1,1,,,"2,588",3,"2,591","2,588",3,"2,591","1,347",52.0%,3,100.0%,"1,350",52.1%,98,,98,80,,80,,7,7,8,2,,3
Waitaki District Council,Ahuriri,FPP,,1,1,1,1,1,1,,,"1,206",24,"1,230",,,,,,,,,,,,,,,,,,,,,,1
Waitaki District Council,Corriedale,FPP,,1,2,2,2,1,1,,,"3,015",7,"3,022",,,,,,,,,,,,,,,,,,,,,,2
Waitaki District Council,?amaru Ward,FPP,1,,6,,15,5,5,,,"10,309",11,"10,320","10,309",11,"10,320","5,506",53.4%,10,90.9%,"5,516",53.4%,135,5,140,101,4,105,11,80,91,5,3,,6
Waitaki District Council,Waihemo,FPP,1,,1,,3,,,,,"1,784",5,"1,789","1,784",5,"1,789",893,50.1%,3,60.0%,896,50.1%,17,1,18,14,1,15,2,53,55,,,,1
Waitomo District Council,Te K?iti Urban,FPP,1,,3,,7,2,2,,,"2,682",4,"2,686","2,682",4,"2,686","1,246",46.5%,4,100.0%,"1,250",46.5%,48,5,53,27,1,28,,24,24,2,,,3
Waitomo District Council,Waitomo Rural,FPP,1,,3,,6,3,2,,,"3,282",15,"3,297","3,282",15,"3,297","1,497",45.6%,14,93.3%,"1,511",45.8%,43,5,48,39,5,44,2,13,15,4,2,,3
Wellington City Council,Takap?/Northern General,STV,1,,3,,7,3,2,,,"35,287",75,"35,362","35,287",75,"35,362","16,396",46.5%,64,85.3%,"16,460",46.5%,564,12,576,489,10,499,61,322,383,2,1,,3
Wellington City Council,Wharangi/Onslow-Western General,STV,1,,3,,8,3,3,,,"33,830",74,"33,904","33,830",74,"33,904","19,875",58.7%,66,89.2%,"19,941",58.8%,951,23,974,784,15,799,51,289,340,4,2,,3
Wellington City Council,Pukeh?nau/Lambton General,STV,1,,3,,11,2,2,,,"31,364",286,"31,650","31,364",286,"31,650","13,873",44.2%,261,91.3%,"14,134",44.7%,"1,280",61,"1,341","1,084",41,"1,125",67,298,365,2,2,,3
Wellington City Council,Motukairangi/Eastern General,STV,1,,3,,11,,,,,"28,487",39,"28,526","28,487",39,"28,526","14,906",52.3%,35,89.7%,"14,941",52.4%,835,17,852,655,8,663,77,271,348,2,,,3
Wellington City Council,Paekawakawa/Southern General,STV,1,,2,,6,2,2,,,"25,320",63,"25,383","25,320",63,"25,383","13,209",52.2%,55,87.3%,"13,264",52.3%,845,17,862,728,9,737,60,239,299,2,1,,2
Wellington City Council,Te Whanagnui-a-Tara M?ori,STV,1,,1,,3,1,,,,"6,482",11,"6,493","6,482",11,"6,493","2,825",43.6%,9,81.8%,"2,834",43.6%,302,5,307,258,5,263,12,56,68,1,,,1
Western Bay Of Plenty District Council,Kaimai,FPP,1,,3,,9,3,2,,,"14,404",13,"14,417","14,404",13,"14,417","5,374",37.3%,9,69.2%,"5,383",37.3%,84,3,87,60,3,63,3,88,91,4,2,,3
Western Bay Of Plenty District Council,Katikati-Waih? Beach ,FPP,1,,2,,6,2,2,2,,"10,719",121,"10,840","10,719",121,"10,840","4,541",42.4%,93,76.9%,"4,634",42.7%,87,20,107,63,12,75,16,93,109,1,,,2
Western Bay Of Plenty District Council,Maketu-Te Puke ,FPP,1,,3,,6,2,1,1,1,"10,680",40,"10,720","10,680",40,"10,720","3,839",35.9%,34,85.0%,"3,873",36.1%,88,18,106,66,12,78,2,75,77,1,1,,3
Western Bay Of Plenty District Council,Waka Kai Uru M?ori,FPP,1,,1,,3,,,,,"4,068",,"4,068","4,068",,"4,068","1,409",34.6%,,#DIV/0!,"1,409",34.6%,39,1,40,30,1,31,1,35,36,2,1,,1
Westland District Council,Hokitika,FPP,1,,3,,7,2,1,,,"2,597",11,"2,608","2,597",11,"2,608","1,553",59.8%,7,63.6%,"1,560",59.8%,57,7,64,40,,40,1,22,23,2,1,,3
Westland District Council,Northern,FPP,1,,3,,5,1,1,,,"2,674",26,"2,700","2,674",26,"2,700","1,537",57.5%,22,84.6%,"1,559",57.7%,47,6,53,37,2,39,1,40,41,1,,,3
Westland District Council,Southern,FPP,,1,2,2,2,1,1,,,"1,134",24,"1,158",,,,,,,,,,,,,,,,,,,1,1,,2
Whakat?ne District Council,Rangit?iki General,FPP,,1,2,2,2,,,,,"4,743",3,"4,746",,,,,,,,,,,,,,,,,,,,,,2
Whakat?ne District Council,Whakat?ne-?hope General,FPP,1,,4,,7,1,1,1,1,"11,086",38,"11,124","11,086",38,"11,124","6,138",55.4%,37,97.4%,"6,175",55.5%,226,2,228,110,2,112,15,153,168,3,3,,4
Whakat?ne District Council,Te Urewera General,FPP,,1,1,1,1,1,1,,,"2,186",3,"2,189",,,,,,,,,,,,,,,,,,,,,,1
Whakat?ne District Council,Rangit?iki M?ori,FPP,1,,1,,2,1,1,,,"2,393",,"2,393","2,393",,"2,393","1,078",45.0%,,#DIV/0!,"1,078",45.0%,78,3,81,35,3,38,2,31,33,1,,,1
Whakat?ne District Council,K?p?-te-rangi M?ori,FPP,1,,1,,2,1,1,,,"2,724",1,"2,725","2,724",1,"2,725","1,030",37.8%,,0.0%,"1,030",37.8%,135,1,136,42,1,43,,23,23,2,1,,1
Whakat?ne District Council,Toi ki Uta M?ori,FPP,1,,1,,2,,,,,"2,887",2,"2,889","2,887",2,"2,889","1,134",39.3%,2,100.0%,"1,136",39.3%,83,,83,39,,39,,60,60,,,,1
Whanganui District Council,Whanganui General,FPP,1,,10,,23,9,9,,,"28,652",43,"28,695","28,652",43,"28,695","14,896",52.0%,38,88.4%,"14,934",52.0%,627,16,643,524,4,528,46,107,153,8,4,,10
Whanganui District Council,Whanganui M?ori,FPP,1,,2,,5,,,,,"4,810",,"4,810","4,810",,"4,810","2,090",43.5%,,#DIV/0!,"2,090",43.5%,164,1,165,143,,143,,21,21,2,1,,2
Whang?rei District Council,Mangakahia-Maungatapere General,STV,1,,1,,2,,,,,"4,689",10,"4,699","4,689",10,"4,699","2,536",54.1%,5,50.0%,"2,541",54.1%,79,,79,48,,48,4,58,62,,,,1
Whang?rei District Council,Hikurangi-Coastal General,STV,1,,2,,7,1,1,,,"8,385",47,"8,432","8,385",47,"8,432","4,208",50.2%,41,87.2%,"4,249",50.4%,167,,167,103,,103,40,87,127,5,,,2
Whang?rei District Council,Whang?rei Heads General,STV,1,,1,,4,,,,,"5,271",16,"5,287","5,271",16,"5,287","3,191",60.5%,13,81.3%,"3,204",60.6%,112,,112,89,,89,5,61,66,1,1,,1
Whang?rei District Council,Whang?rei Urban General,STV,1,,5,,17,6,5,,,"27,806",25,"27,831","27,806",25,"27,831","11,729",42.2%,22,88.0%,"11,751",42.2%,469,,469,303,,303,160,194,354,6,1,,5
Whang?rei District Council,Bream Bay General,STV,1,,2,,6,2,,,,"10,302",47,"10,349","10,302",47,"10,349","5,101",49.5%,39,83.0%,"5,140",49.7%,142,,142,102,,102,58,84,142,1,,,2
Whang?rei District Council,Wh?ngarei District M?ori,STV,1,,2,,3,2,2,,,"10,401",5,"10,406","10,401",5,"10,406","3,603",34.6%,2,40.0%,"3,605",34.6%,407,,407,227,,227,31,82,113,2,1,,2
,,,,,,,,,,,,,,,,,,,,,,,,,,,,,,,,,,,,
TA Summary,,,,,,,,,,,,,,,,,,,,,,,,,,,,,,,,,,,,
TOTAL,,224,50,709,67,"1,639",474,393,88,33,"3,443,595","7,453","3,451,048","3,174,075","7,038","3,181,113","1,253,005",39.5%,"6,172",87.7%,"1,259,177",39.6%,"43,743","1,057","44,800","30,759",799,"31,558","7,972","30,368","38,340",587,283,,709,
Authority,Electoral system,Contested Wards (N),Uncontested Wards (N),"Positions 
(N)","Elected uncontested
(N)","Candidates 
(N)","Candidates - Council sitting members 
(N)",Council members re-elected (N),"Candidates - community board members 
(N)","Community board members elected
(N)","Electors - Residential 
(N)","Electors - Ratepayer
(N)","Electors - Total
(N)",Residential electors (contested wards only),Ratepayer electors (contested wards only),Total electors (Contested wards only),"Residential voters 
(N)","Residential turnout 
(%)","Ratepayer voters 
(N)","Ratepayer turnout
(%)","Total voters 
(N)",Overall turnout (%),"Residential special votes cast 
(N)","Ratepayer special votes cast 
(N)","Total special votes cast 
(N)","Residential special votes allowed 
(N)","Ratepayer special votes allowed 
(N)","Total special votes allowed 
(N)","Informal votes
(N)","Blank votes 
(N)","Blank and informal votes 
(N)","Female candidates
(N)","Female councillors
(N)",Unfilled positions,Total number elected,
Ashburton District Council,FPP,2,1,9,2,14,6,5,,,"22,949",25,"22,974","18,742",21,"18,763","8,851",47.2%,20,95.2%,"8,871",47.3%,157,3,160,118,2,120,40,50,90,6,4,0,9,
Auckland Council,FPP,11,2,20,2,81,16,15,18,5,"1,194,607",346,"1,194,953","1,070,933",292,"1,071,225","305,552",28.5%,288,98.6%,"305,840",28.6%,"8,430",37,"8,467","4,778",35,"4,813",643,7593,8236,25,8,0,20,
Buller District Council,FPP,1,2,10,4,21,7,4,,,"7,579",49,"7,628","4,900",26,"4,926","2,883",58.8%,21,80.8%,"2,904",59.0%,118,6,124,81,4,85,7,1,8,7,4,0,10,
Carterton District Council,FPP,1,0,8,,18,6,5,,,"7,678",40,"7,718","7,678",40,"7,718","4,127",53.8%,32,80.0%,"4,159",53.9%,104,20,124,89,16,105,9,26,35,5,3,0,8,
Central Hawke's Bay District Council,FPP,4,,9,,18,6,6,,,"10,855",23,"10,878","10,855",23,"10,878","6,114",56.3%,20,87.0%,"6,134",56.4%,148,12,160,112,10,122,12,370,382,9,5,0,9,
Central Otago District Council,FPP,4,0,10,,24,7,5,3,1,"17,757",155,"17,912","17,757",155,"17,912","9,801",55.2%,135,87.1%,"9,936",55.5%,210,25,235,179,18,197,11,131,142,8,3,0,10,
Chatham Islands Council,FPP,1,0,8,,14,5,3,,,439,5,444,439,5,444,313,71.3%,3,60.0%,316,71.2%,16,,16,13,,13,3,1,4,10,5,0,8,
Christchurch City Council,FPP,13,3,16,3,40,14,14,5,1,"280,263",324,"280,587","225,598",282,"225,880","86,999",38.6%,249,88.3%,"87,248",38.6%,"2,647",46,"2,693","2,185",33,"2,218",138,2283,2421,12,4,0,16,
Clutha District Council,FPP,5,3,9,3,21,6,4,,1,"12,339",36,"12,375","8,225",17,"8,242","4,454",54.2%,14,82.4%,"4,468",54.2%,67,2,69,56,2,58,16,42,58,8,3,0,9,
Dunedin City Council,STV,1,0,14,,54,14,8,3,1,"94,566",151,"94,717","94,566",151,"94,717","43,171",45.7%,129,85.4%,"43,300",45.7%,"1,323",27,"1,350","1,141",24,"1,165",579,423,1002,23,4,0,14,
Far North District Council,STV,4,,10,,30,9,6,4,2,"48,306",145,"48,451","48,306",145,48451.00,"24,424",50.6%,130,89.7%,"24,554",50.7%,"1,700",3,"1,703",795,3,798,242,368,610,11,8,0,10,
Gisborne District Council,STV,2,,13,,30,10,9,,,"34,022",45,"34,067","34,022",45,"34,067","16,338",48.0%,39,86.7%,"16,377",48.1%,936,2,938,630,2,632,329,126,455,10,6,0,13,
Gore District Council,FPP,2,2,11,3,14,3,3,2,1,"9,024",25,"9,049","9,024",25,"9,049","4,968",55.1%,23,92.0%,"4,991",55.2%,125,8,133,109,7,116,13,203,216,4,3,0,11,
Grey District Council,FPP,2,2,8,3,12,7,6,,,"9,874",12,"9,886","6,280",9,"6,289","3,085",49.1%,7,77.8%,"3,092",49.2%,81,3,84,63,3,66,3,81,84,3,2,0,8,
Hamilton City Council,STV,3,,14,,48,8,6,,,"115,249",184,"115,433","115,249",184,"115,433","37,896",32.9%,167,90.8%,"38,063",33.0%,"2,260",1,"2,261","1,307",1,"1,308",632,501,1133,19,8,0,14,
Hastings District Council,FPP,4,2,15,3,29,6,5,,,"58,314",63,"58,377","47,139",42,"47,181","20,795",44.1%,40,95.2%,"20,835",44.2%,618,11,629,527,7,534,32,351,383,12,5,0,15,
Hauraki District Council,FPP,3,1,13,2,19,8,8,,,"15,181",29,"15,210","13,559",29,"13,588","5,669",41.8%,24,82.8%,"5,693",41.9%,126,,126,86,,86,9,65,74,6,5,0,13,
Horowhenua District Council,FPP,5,,12,,31,6,6,2,1,"25,651",94,"25,745","25,651",94,"25,745","12,127",47.3%,87,92.6%,"12,214",47.4%,484,32,516,407,23,430,13,226,239,13,5,0,12,
Hurunui District Council,FPP,2,1,10,2,16,6,6,,,"9,607",80,"9,687","7,746",68,"7,814","3,278",42.3%,59,86.8%,"3,337",42.7%,86,6,92,48,3,51,10,25,35,3,2,0,10,
Hutt City Council,FPP,3,4,13,5,25,8,8,3,2,"78,961",65,"79,026","78,961",65,"79,026","32,984",41.8%,53,81.5%,"33,037",41.8%,"1,210",26,"1,236",888,17,905,163,1262,1425,11,8,0,13,
Invercargill City Council,FPP,1,0,12,,27,8,8,,,"38,755",74,"38,829","38,755",74,"38,829","17,930",46.3%,66,89.2%,"17,996",46.3%,781,18,799,606,13,619,51,132,183,8,5,0,12,
Kaik?ura District Council,FPP,1,0,7,,16,4,4,,,"3,037",25,"3,062","3,037",25,"3,062","1,859",61.2%,22,88.0%,"1,881",61.4%,73,5,78,60,3,63,3,1,4,6,2,0,7,
Kaipara District Council,FPP,3,,8,,28,6,3,,,"18,101",226,"18,327","18,101",226,"18,327","10,510",58.1%,192,85.0%,"10,702",58.4%,494,,494,198,,198,20,77,97,7,3,0,8,
K?piti Coast District Council,STV,6,,10,,43,8,4,6,2,"43,313",351,"43,664","43,313",351,"43,664","20,169",46.6%,312,88.9%,"20,481",46.9%,787,7,794,555,7,562,257,1421,1678,11,3,0,10,
Kawerau District Council,FPP,3,0,8,,12,4,3,,,"5,166",9,"5,175","5,166",9,"5,175","2,339",45.3%,6,66.7%,"2,345",45.3%,109,3,112,66,2,68,14,63,77,8,5,0,8,
Mackenzie District Council,FPP,3,,7,,13,3,2,1,1,"3,359",113,"3,472","3,359",113,"3,472","2,029",60.4%,101,89.4%,"2,130",61.3%,84,40,124,53,24,77,1,10,11,6,3,0,7,
Manawat? District Council,FPP,2,1,11,1,18,5,4,,,"22,733",29,"22,762","21,019",29,"21,048","9,145",43.5%,26,89.7%,"9,171",43.6%,185,8,193,147,6,153,12,149,161,4,4,0,11,
Marlborough District Council,STV,2,2,14,4,26,10,10,,,"34,720",87,"34,807","24,750",81,"24,831","11,286",45.6%,73,90.1%,"11,359",45.7%,226,17,243,193,15,208,198,118,316,13,6,0,14,
Masterton District Council,FPP,3,0,8,,20,7,5,,,"20,062",46,"20,108","20,062",46,"20,108","9,522",47.5%,42,91.3%,"9,564",47.6%,271,12,283,225,8,233,90,416,506,9,2,0,8,
Matamata-Piako District Council,FPP,3,1,12,1,21,9,6,,,"25,218",15,"25,233","23,243",15,"23,258","11,035",47.5%,14,93.3%,"11,049",47.5%,247,6,253,189,4,193,11,176,187,5,2,0,12,
Napier City Council,FPP,4,,11,,21,7,6,,,"46,217",61,"46,278","46,217",61,"46,278","21,270",46.0%,55,90.2%,"21,325",46.1%,693,21,714,578,18,596,12,411,423,9,5,0,11,
Nelson City Council,STV,3,1,12,1,32,8,8,,,"38,556",109,"38,665","38,556",109,"38,665","18,700",48.5%,89,81.7%,"18,789",48.6%,661,23,684,550,21,571,692,1306,1998,10,4,0,12,
New Plymouth District Council,STV,5,,14,,47,7,5,7,2,"61,552",55,"61,607","61,552",55,"61,607","28,565",46.4%,60,109.1%,"28,625",46.5%,951,4,955,618,2,620,1668,2359,4027,14,6,0,14,
?p?tiki District Council,FPP,4,,7,,15,4,4,,,"6,511",32,"6,543","6,511",32,"6,543","3,030",46.5%,33,103.1%,"3,063",46.8%,139,4,143,91,4,95,2,37,39,7,3,0,7,
?torohanga District Council,FPP,3,3,9,4,14,4,3,1,1,"5,602",47,"5,649","3,320",9,"3,329","1,742",52.5%,8,88.9%,"1,750",52.6%,100,2,102,50,1,51,1,47,48,7,5,0,9,
Palmerston North City Council,STV,2,0,15,,40,14,13,,,"59,408",70,"59,478","59,408",70,"59,478","24,995",42.1%,65,92.9%,"25,060",42.1%,997,2,999,589,2,591,504,254,758,10,7,0,15,
Porirua City Council,STV,3,,10,,27,9,8,,,"42,991",41,"43,032","42,991",41,"43,032","17,584",40.9%,39,95.1%,"17,623",41.0%,688,13,701,543,11,554,102,223,325,12,4,0,10,
Queenstown-Lakes District Council,FPP,3,,11,,21,8,5,,,"30,757",361,"31,118","30,757",361,"31,118","12,642",41.1%,285,78.9%,"12,927",41.5%,536,72,608,467,63,530,26,200,226,5,3,0,11,
Rangit?kei District Council,FPP,4,1,11,1,18,5,5,1,,"10,917",18,"10,935","9,985",17,"10,002","5,000",50.1%,15,88.2%,"5,015",50.1%,88,9,97,65,6,71,7,79,86,5,5,0,11,
Rotorua District Council,FPP,2,1,10,1,29,9,7,,,"49,922",160,"50,082","45,333",149,"45,482","19,636",43.3%,130,87.2%,"19,766",43.5%,772,20,792,658,19,677,49,175,224,9,3,0,10,
Ruapehu District Council,STV,2,,9,,20,7,6,3,1,"8,208",136,"8,344","8,208",136,"8,344","4,189",51.0%,113,83.1%,"4,302",51.6%,164,26,190,111,21,132,52,109,161,11,4,0,9,
Selwyn District Council,FPP,5,,10,,29,2,2,2,,"54,660",62,"54,722","54,660",62,"54,722","26,381",48.3%,59,95.2%,"26,440",48.3%,760,11,771,606,6,612,145,"2,011","2,156",8,5,0,10,
South Taranaki District Council,FPP,4,2,13,,16,10,9,2,2,"18,669",27,"18,696","14,975",14,"14,989","6,848",45.7%,15,107.1%,"6,863",45.8%,143,,143,80,,80,5,160,165,10,7,0,13,
South Waikato District Council,FPP,2,1,10,1,24,8,5,,,"16,489",6,"16,495","14,843",6,"14,849","6,847",46.1%,5,83.3%,"6,852",46.1%,234,7,241,164,6,170,12,27,39,6,5,0,10,
South Wairarapa District Council,FPP,4,,10,,16,3,3,1,,"9,232",114,"9,346","9,232",114,"9,346","5,521",59.8%,106,93.0%,"5,627",60.2%,178,47,225,129,32,161,11,123,134,6,3,0,10,
Southland District Council,FPP,3,2,12,4,16,9,9,4,2,"20,523",120,"20,643","14,896",37,"14,933","6,137",41.2%,35,94.6%,"6,172",41.3%,75,9,84,62,6,68,2,192,194,6,4,0,12,
Stratford District Council,FPP,2,1,11,4,19,7,7,,,"6,844",11,"6,855","4,420",4,"4,424","2,370",53.6%,6,150.0%,"2,376",53.7%,86,2,88,53,1,54,8,32,40,7,5,0,11,
Tararua District Council,FPP,3,,9,,24,7,4,2,,"12,812",23,"12,835","12,812",23,"12,835","7,099",55.4%,20,87.0%,"7,119",55.5%,187,8,195,161,7,168,8,110,118,8,5,0,9,
Tasman District Council,FPP,5,1,14,,23,9,8,,,"42,084",186,"42,270","40,743",185,"40,928","19,596",48.1%,176,95.1%,"19,772",48.3%,522,6,528,327,5,332,25,416,441,5,4,0,14,
Taup? District Council,FPP,5,,12,,26,8,5,,,"27,831",438,"28,269","27,831",438,"28,269","15,489",55.7%,377,86.1%,"15,866",56.1%,720,105,825,578,99,677,34,294,328,14,9,0,12,
Thames-Coromandel District Council,FPP,4,1,10,1,24,4,2,5,,"24,314","1,195","25,509","22,578","1,189","23,767","11,254",49.8%,"1,018",85.6%,"12,272",51.6%,444,2,446,237,2,239,74,438,512,5,2,0,10,
Timaru District Council,FPP,3,,9,,20,7,6,1,,"33,581",21,"33,602","33,581",21,"33,602","16,239",48.4%,20,95.2%,"16,259",48.4%,309,10,319,248,7,255,34,164,198,4,2,0,9,
Upper Hutt City Council,FPP,1,0,10,0,25,7,6,,,"33,058",42,"33,100","33,058",42,"33,100","16,695",50.5%,33,78.6%,"16,728",50.5%,515,14,529,452,10,462,51,172,223,10,4,0,10,
Waikato District Council,FPP,8,2,13,2,28,10,10,1,,"58,067",51,"58,118","50,364",44,"50,408","17,501",34.7%,38,86.4%,"17,539",34.8%,497,1,498,344,1,345,30,404,434,16,6,0,13,
Waimakariri District Council,FPP,3,,10,,24,8,6,6,4,"49,120",31,"49,151","49,120",31,"49,151","21,140",43.0%,30,96.8%,"21,170",43.1%,361,5,366,267,4,271,79,573,652,8,4,0,10,
Waimate District Council,FPP,3,1,8,1,12,4,4,,,"5,508",11,"5,519","4,932",9,"4,941","2,723",55.2%,8,88.9%,"2,731",55.3%,63,3,66,59,3,62,3,31,34,4,3,0,8,
Waip? District Council,FPP,4,1,11,1,27,6,4,1,1,"41,153",35,"41,188","37,717",34,"37,751","15,780",41.8%,29,85.3%,"15,809",41.9%,474,15,489,381,10,391,45,336,381,9,3,0,11,
Wairoa District Council,FPP,2,,6,,18,3,3,,,"5,665",30,"5,695","5,665",30,"5,695","3,166",55.9%,26,86.7%,"3,192",56.0%,172,1,173,147,1,148,2,35,37,13,4,0,6,
Waitaki District Council,FPP,2,2,10,3,21,7,7,,,"16,314",47,"16,361","12,093",16,"12,109","6,399",52.9%,13,81.3%,"6,412",53.0%,152,6,158,115,5,120,13,133,146,5,3,0,10,
Waitomo District Council,FPP,2,,6,,13,5,4,,,"5,964",19,"5,983","5,964",19,"5,983","2,743",46.0%,18,94.7%,"2,761",46.1%,91,10,101,66,6,72,2,37,39,6,2,0,6,
Wellington City Council,STV,6,,15,,46,11,9,,,"160,770",548,"161,318","160,770",548,"161,318","81,084",50.4%,490,89.4%,"81,574",50.6%,"4,777",135,"4,912","3,998",88,"4,086",328,"1,475","1,803",13,6,0,15,
Western Bay Of Plenty District Council,FPP,4,,9,,24,7,5,3,1,"39,871",174,"40,045","39,871",174,"40,045","15,163",38.0%,136,78.2%,"15,299",38.2%,298,42,340,219,28,247,22,291,313,8,4,0,9,
Westland District Council,FPP,2,1,8,2,14,4,3,,,"6,405",61,"6,466","5,271",37,"5,308","3,090",58.6%,29,78.4%,"3,119",58.8%,104,13,117,77,2,79,2,62,64,4,2,0,8,
Whakat?ne District Council,FPP,4,2,10,3,16,4,4,1,1,"26,019",47,"26,066","19,090",41,"19,131","9,380",49.1%,39,95.1%,"9,419",49.2%,522,6,528,226,6,232,17,267,284,6,4,0,10,
Whanganui District Council,FPP,2,0,12,,28,9,9,,,"33,462",43,"33,505","33,462",43,"33,505","16,986",50.8%,38,88.4%,"17,024",50.8%,791,17,808,667,4,671,46,128,174,10,5,0,12,
Whang?rei District Council,STV,6,,13,,39,11,8,,,"66,854",150,"67,004","66,854",150,"67,004","30,368",45.4%,122,81.3%,"30,490",45.5%,"1,376",,"1,376",872,,872,298,566,864,15,3,0,13,
,,,,,,,,,,,,,,,,,,,,,,,,,,,,,,,,,,,,
Community Boards,,,,,,,,,,,,,,,,,,,,,,,,,,,,,,,,,,,,
TOTAL,,,,108,46,546,136,803,303,255,"837,068","4,053","841,121","729,520","3,332","732,852","318,422",43.6%,"2,907",87.2%,"321,329",43.8%,"10,108",306,"10,414","7,062",228,"7,290",651,"14,961","15,612",364,249,6,540,
Authority,Community Board,Subdivision,Electoral system,Contested Subdivisions (N),Uncontested Subdivisions (N),"Positions
(N)","Elected uncontested
(N)","Candidates
(N)","Candidates (community) board members
(N)","(Community) board members elected
(N)","Residential electors
(N)","Ratepayer electors
(N)","Total electors
(N)",Residential electors (contested wards only),Ratepayer electors (contested wards only),Total electors (Contested wards only),Residential voters,"Residential turnout
(%)","Ratepayer voters
(N)","Ratepayer turnout
(%)","Total voters
(N)",Overall turnout (%),"Residential special votes cast
(N)","Ratepayer special votes cast
(N)","Total special votes cast
(N)","Residential special votes allowed
(N)","Ratepayer special votes allowed
(N)","Total special votes allowed
(N)","Informal votes
(N)","Blank votes
(N)","Blank and informal votes
(N)","Female candidates
(N)","Female CB members
(N)",Unfilled positions,Total number elected,
Ashburton District Council,Methven Community,At Large,FPP,0,1,5,5,5,3,3,1298,4,1302, , ,, ,,,,,, , ,,,,,, ,,2,2,0,5,
Buller District Council,Inangahua Community,At Large,FPP,1,0,4,0,7,1,1,1241,7,1248,1241,7,1248,559,45%,5,71%,564,45%,20,4,24,13,3,16,1,0,1,3,1,0,4,
Central Otago District Council,Cromwell Community,At Large,FPP,1,0,4,0,10,1,1,6934,61,6995,6934,61,6995,3526,51%,58,95%,3584,51%,80,12,92,77,9,86,5,66,71,4,2,0,4,
Central Otago District Council,Maniototo Community,At Large,FPP,1,0,4,0,7,4,3,1368,23,1391,1368,23,1391,930,68%,20,87%,950,68%,8,6,14,4,4,8,3,1,4,3,1,0,4,
Central Otago District Council,Teviot Valley Community,At Large,FPP,1,0,5,0,7,2,2,1274,10,1284,1274,10,1284,806,63%,10,100%,816,64%,19,1,20,18,1,19,0,0,0,3,2,0,5,
Central Otago District Council,Vincent Community,At Large,FPP,1,0,5,0,7,4,2,8181,64,8245,8181,64,8245,4539,55%,50,78%,4589,56%,103,6,109,80,4,84,6,191,197,1,1,0,5,
Christchurch City Council,Waipapa Papanui-Innes-Central Community,Papanui Ward,FPP,1,0,2,0,3,1,1,17937,10,17947,17937,10,17947,6619,37%,7,70%,6626,37%,154,2,156,108,0,108,0,297,297,1,1,0,2,
Christchurch City Council,Waipapa Papanui-Innes-Central Community,Innes Ward,FPP,1,0,2,0,3,1,1,17921,30,17951,17921,30,17951,6424,36%,24,80%,6448,36%,199,3,202,165,3,168,0,253,253,1,1,0,2,
Christchurch City Council,Waipapa Papanui-Innes-Central Community,Central Ward,FPP,1,0,2,0,5,2,2,15856,62,15918,15856,62,15918,4762,30%,54,87%,4816,30%,273,10,283,244,6,250,2,272,274,2,1,0,2,
Christchurch City Council,Waim?ero Fendalton-Waimairi-Harewood Community,Fendalton Ward,FPP,1,0,2,0,4,1,1,18778,34,18812,18778,34,18812,7846,42%,29,85%,7875,42%,257,4,261,200,3,203,1,226,227,3,1,0,2,
Christchurch City Council,Waim?ero Fendalton-Waimairi-Harewood Community,Waimairi Ward,FPP,1,0,2,0,3,1,1,17362,15,17377,17362,15,17377,6559,38%,13,87%,6572,38%,143,3,146,129,2,131,0,275,275,2,1,0,2,
Christchurch City Council,Waim?ero Fendalton-Waimairi-Harewood Community,Harewood Ward,FPP,1,0,2,0,3,1,1,19872,14,19886,19872,14,19886,8238,41%,13,93%,8251,41%,140,1,141,114,1,115,0,307,307,1,1,0,2,
Christchurch City Council,Waipuna Hornby-Halswell-Riccarton Community,Halswell Ward,FPP,1,0,2,0,5,2,2,21149,19,21168,21149,19,21168,8812,42%,16,84%,8828,42%,215,3,218,172,2,174,2,451,453,2,2,0,2,
Christchurch City Council,Waipuna Hornby-Halswell-Riccarton Community,Hornby Ward,FPP,1,0,2,0,5,2,1,17431,24,17455,17431,24,17455,5393,31%,21,88%,5414,31%,92,0,92,78,0,78,2,122,124,3,1,0,2,
Christchurch City Council,Waipuna Hornby-Halswell-Riccarton Community,Riccarton Ward,FPP,1,0,2,0,7,2,1,15210,32,15242,15210,32,15242,4106,27%,27,84%,4133,27%,196,5,201,139,3,142,1,259,260,2,1,0,2,
Christchurch City Council,Waitai Coastal-Burwood-Linwood Community,Coastal Ward,FPP,0,1,2,2,2,1,1,18986,19,19005, , ,, ,,,,,, , ,,,,, , ,,1,1,0,2,
Christchurch City Council,Waitai Coastal-Burwood-Linwood Community,Burwood Ward,FPP,1,0,2,0,5,1,1,18049,11,18060,18049,11,18060,6987,39%,11,100%,6998,39%,147,1,148,120,1,121,0,259,259,2,1,0,2,
Christchurch City Council,Waitai Coastal-Burwood-Linwood Community,Linwood Ward,FPP,1,0,2,0,5,2,2,16400,18,16418,16400,18,16418,5115,31%,16,89%,5131,31%,132,2,134,110,1,111,2,167,169,1,1,0,2,
Christchurch City Council,Waihoro Spreydon-Cashmere-Heathcote Community,Spreydon Ward,FPP,1,0,2,0,4,1,1,17805,21,17826,17805,21,17826,5877,33%,19,90%,5896,33%,213,2,215,185,2,187,2,285,287,1,1,0,2,
Christchurch City Council,Waihoro Spreydon-Cashmere-Heathcote Community,Heathcote Ward,FPP,1,0,2,0,4,2,2,19859,27,19886,19859,27,19886,9060,46%,26,96%,9086,46%,304,6,310,265,5,270,2,508,510,0,0,0,2,
Christchurch City Council,Waihoro Spreydon-Cashmere-Heathcote Community,Cashmere Ward,FPP,1,0,2,0,4,2,1,20169,13,20182,20169,13,20182,9440,47%,13,100%,9453,47%,257,1,258,224,1,225,1,433,434,1,1,0,2,
Christchurch City Council,Te P?taka o R?kaihaut? Banks Peninsula Community,Lyttelton Subdivision,FPP,0,1,2,2,2,2,2,2566,6,2572, , ,, ,,,,,, , ,,,,, , ,,2,2,0,2,
Christchurch City Council,Te P?taka o R?kaihaut? Banks Peninsula Community,Mount Herbert Subdivision,FPP,1,0,2,0,3,0,0,2486,23,2509,2486,23,2509,1427,57%,19,83%,1446,58%,32,1,33,29,1,30,0,56,56,1,1,0,2,
Christchurch City Council,Te P?taka o R?kaihaut? Banks Peninsula Community,Wairewa Subdivision,FPP,0,1,1,1,1,1,1,1007,6,1013, , ,, ,,,,,,, ,,,,, , ,,1,1,0,1,
Christchurch City Council,Te P?taka o R?kaihaut? Banks Peninsula Community,Akaroa Subdivision,FPP,0,1,2,2,2,2,2,1420,99,1519, , ,, ,,,,,,, ,,,,, , ,,0,0,0,2,
Clutha District Council,Lawrence-Tuapeka Community,At Large,FPP,1,0,6,0,7,2,2,899,1,900,899,1,900,627,70%,2,200%,629,70%,10,1,11,8,1,9,0,3,3,3,3,0,6,
Clutha District Council,West Otago Community,At Large,FPP,1,0,6,0,7,5,4,1501,5,1506,1501,5,1506,730,49%,4,80%,734,49%,6,0,6,0,0,0,0,3,3,3,3,0,6,
Dunedin City Council,West Harbour Community,At Large,STV,1,0,6,0,8,4,4,4580,12,4592,4580,12,4592,2527,55%,12,100%,2539,55%,86,0,86,70,0,70,14,167,181,4,3,0,6,
Dunedin City Council,Mosgiel-Taieri Community,At Large,STV,1,0,6,0,9,1,1,14435,9,14444,14435,9,14444,7592,53%,8,89%,7600,53%,127,1,128,96,1,97,72,726,798,4,2,0,6,
Dunedin City Council,Otago Peninsula Community,At Large,STV,1,0,6,0,11,4,4,3716,9,3725,3716,9,3725,2198,59%,7,78%,2205,59%,64,1,65,50,1,51,14,124,138,6,3,0,6,
Dunedin City Council,Saddle Hill Community,At Large,STV,1,0,6,0,11,3,2,5049,5,5054,5049,5,5054,2655,53%,4,80%,2659,53%,52,1,53,44,1,45,13,275,288,5,3,0,6,
Dunedin City Council,Strath Taieri Community,At Large,STV,1,0,6,0,9,4,2,458,6,464,458,6,464,284,62%,6,100%,290,63%,3,1,4,2,2,4,1,2,3,3,2,0,6,
Dunedin City Council,Waikouaiti Coast Community,At Large,STV,1,0,6,0,11,4,4,3208,20,3228,3208,20,3228,1781,56%,20,100%,1801,56%,46,5,51,40,5,45,9,160,169,4,3,0,6,
Far North District Council,Te Hiku Community,North Cape Subdivision,STV,1,0,1,0,2,1,0,2329,3,2332,2329,3,2332,1194,51%,3,100%,1197,51%,85,0,85,43,0,43,7,43,50,1,1,0,1,
Far North District Council,Te Hiku Community,Whatuwhiwhi Subdivision,STV,0,1,1,1,1,1,1,2721,16,2737, , ,, ,,,,,, , ,,,,, , ,,0,0,0,1,
Far North District Council,Te Hiku Community,Doubtless Bay Subdivision,STV,1,0,1,0,2,0,0,3057,28,3085,3057,28,3085,1635,53%,26,93%,1661,54%,106,1,107,37,0,37,2,112,114,1,0,0,1,
Far North District Council,Te Hiku Community,Kait?ia Subdivision,STV,1,0,3,0,7,3,1,7179,9,7188,7179,9,7188,3101,43%,8,89%,3109,43%,330,6,336,136,3,139,44,60,104,3,1,0,3,
Far North District Council,Bay of Islands-Whangaroa Community,Whangaroa Subdivision,STV,1,0,1,0,2,1,1,2774,14,2788,2774,14,2788,1388,50%,12,86%,1400,50%,112,0,112,50,0,50,5,96,101,1,0,0,1,
Far North District Council,Bay of Islands-Whangaroa Community,Waipapa Subdivision,STV,1,0,1,0,2,0,0,3362,2,3364,3362,2,3364,1900,57%,2,100%,1902,57%,66,0,66,25,0,25,2,116,118,0,0,0,1,
Far North District Council,Bay of Islands-Whangaroa Community,Kerikeri Subdivision,STV,1,0,2,0,3,0,0,7669,7,7676,7669,7,7676,4199,55%,7,100%,4206,55%,193,0,193,115,0,115,31,372,403,2,1,0,2,
Far North District Council,Bay of Islands-Whangaroa Community,Paihia Subdivision,STV,0,1,1,1,1,1,1,3539,7,3546, , ,, ,,,,,, , ,,,,, , ,,1,1,0,1,
Far North District Council,Bay of Islands-Whangaroa Community,Russell-?pua Subdivision,STV,0,1,1,1,1,0,0,3021,41,3062, , ,, ,,,,,, , ,,,,, , ,,1,1,0,1,
Far North District Council,Bay of Islands-Whangaroa Community,Kawakawa-Moerewa Subdivision,STV,0,1,1,1,1,1,1,2784,2,2786, , ,, ,,,,,, , ,,,,, , ,,0,0,0,1,
Far North District Council,Kaikohe-Hokianga Community,North Hokianga Subdivision,STV,1,0,1,0,2,0,0,1768,2,1770,1768,2,1770,873,49%,2,100%,875,49%,112,0,112,59,0,59,12,48,60,1,0,0,1,
Far North District Council,Kaikohe-Hokianga Community,South Hokianga Subdivision,STV,1,0,2,0,3,1,1,3053,18,3071,3053,18,3071,1623,53%,17,94%,1640,53%,51,0,51,26,0,26,9,35,44,2,1,0,2,
Far North District Council,Kaikohe-Hokianga Community,Kaikohe Subdivision,STV,1,0,3,0,6,2,0,5050,1,5051,5050,1,5051,2479,49%,1,100%,2480,49%,352,0,352,171,0,171,24,48,72,4,2,0,3,
Gore District Council,Mataura Community,At Large,FPP,0,1,4,4,4,2,2,1093,2,1095, , ,, ,,,,,, , ,,,,, , ,,3,3,0,5,
Hastings District Council,Hastings District Rural Community,T?tira Subdivision,FPP,1,0,1,0,3,1,1,2163,5,2168,2163,5,2168,969,45%,5,100%,974,45%,26,1,27,15,0,15,0,47,47,3,1,0,1,
Hastings District Council,Hastings District Rural Community,Kaweka Subdivision,FPP,0,1,1,1,1,1,1,2078,3,2081, , ,, ,,,,,, , ,,,,, , ,,1,1,0,1,
Hastings District Council,Hastings District Rural Community,Maraek?kaho Subdivision,FPP,0,1,1,0,0,0,0,1874,5,1879, , ,, ,,,,,, , ,,,,, , ,,0,0,1,0,
Hastings District Council,Hastings District Rural Community,Poukawa Subdivision,FPP,0,1,1,1,1,0,0,2609,6,2615, , ,, ,,,,,, , ,,,,, , ,,0,0,0,1,
Horowhenua District Council,Te Awahou Foxton Community,At Large,FPP,1,0,5,0,9,3,1,4095,34,4129,4095,34,4129,1921,47%,30,88%,1951,47%,66,6,72,49,3,52,2,15,17,3,2,0,5,
Hurunui District Council,Hanmer Springs Community,At Large,FPP,0,1,4,4,4,2,2,850,53,903, , ,, ,,,,,, , ,,,,,, ,,3,3,0,4,
Hurunui District Council,South Ward Community,At Large,FPP,1,0,5,0,7,0,0,4507,5,4512,4507,5,4512,1948,43%,5,100%,1953,43%,67,3,70,34,1,35,1,64,65,1,1,0,5,
Hutt City Council,Eastbourne Community,At Large,FPP,0,1,5,5,5,3,3,4011,11,4022, , ,, ,,,,,, , ,,,,, , ,,1,1,0,5,
Hutt City Council,Wainuiomata Community,At Large,FPP,1,0,6,0,11,2,2,14243,7,14250,14243,7,14250,6033,42%,7,100%,6040,42%,264,3,267,193,2,195,6,270,276,7,3,0,6,
Invercargill City Council,Bluff Community,At Large,FPP,1,0,5,0,7,2,2,1518,6,1524,1518,6,1524,749,49%,6,100%,755,50%,36,1,37,31,0,31,2,18,20,3,2,0,5,
K?piti Coast District Council,?taki Community,At Large,STV,1,0,4,0,7,4,3,6761,65,6826,6761,65,6826,3302,49%,66,102%,3368,49%,140,2,142,79,2,81,18,97,115,5,2,0,4,
K?piti Coast District Council,Waikanae Community,At Large,STV,1,0,4,0,6,3,2,12535,184,12719,12535,184,12719,6326,50%,157,85%,6483,51%,254,3,257,186,3,189,42,443,485,1,0,0,4,
K?piti Coast District Council,Paraparaumu Community,At Large,STV,1,0,4,0,12,4,2,16575,65,16640,16575,65,16640,6910,42%,57,88%,6967,42%,228,2,230,147,2,149,46,462,508,3,0,0,4,
K?piti Coast District Council,Raumati Community,At Large,STV,1,0,4,0,8,3,1,5926,41,5967,5926,41,5967,2758,47%,30,73%,2788,47%,104,0,104,74,0,74,7,148,155,5,3,0,4,
K?piti Coast District Council,Paek?k?riki Community,At Large,STV,1,0,4,0,5,1,1,1516,13,1529,1516,13,1529,873,58%,12,92%,885,58%,64,0,64,53,0,53,5,47,52,4,3,0,4,
Mackenzie District Council,Fairlie Community,At Large,FPP,1,0,4,0,6,1,1,1642,10,1652,1642,10,1652,1019,62%,9,90%,1028,62%,28,4,32,13,2,15,0,24,24,2,1,0,4,
Mackenzie District Council,Tekapo Community,At Large,FPP,0,1,4,4,4,0,0,375,44,419, , ,, ,,,,,, , ,,,,, , ,,2,2,0,4,
Mackenzie District Council,Twizel Community,At Large,FPP,0,1,3,3,3,2,2,1342,59,1401, , ,, ,,,,,, , ,,,,, , ,,2,2,0,3,
New Plymouth District Council,Kaitake Community,At Large,STV,0,1,4,3,3,2,2,4093,6,4099, , ,, ,,,,,, , ,,,,, , ,,1,1,1,3,
New Plymouth District Council,Waitara Community,At Large,STV,1,0,4,0,9,4,2,6361,8,6369,6361,8,6369,2647,42%,7,88%,2654,42%,72,2,74,45,2,47,23,72,95,4,1,0,4,
New Plymouth District Council,Puketapu-Bell Block Community,At Large,STV,0,1,4,4,4,2,2,6178,1,6179, , ,, ,,,,,, , ,,,,, , ,,1,1,0,4,
New Plymouth District Council,Clifton Community,At Large,STV,0,1,4,3,3,1,1,2146,18,2164, , ,, ,,,,,, , ,,,,, , ,,1,1,1,3,
New Plymouth District Council,Inglewood Community,At Large,STV,1,0,4,0,7,1,0,7587,4,7591,7587,4,7591,3647,48%,5,125%,3652,48%,91,1,92,58,1,59,19,306,325,3,1,0,4,
?p?tiki District Council,Coast Community,At Large,FPP,1,0,4,0,7,2,1,1305,17,1322,1305,17,1322,527,40%,19,112%,546,41%,27,2,29,14,2,16,1,21,22,6,3,0,4,
?torohanga District Council,K?whia Community,Aotea Subdivision,FPP,0,1,1,1,1,1,1,66,10,76, , ,, ,,,,,, , ,,,,, , ,,0,0,0,1,
?torohanga District Council,K?whia Community,K?whia Subdivision,FPP,0,1,3,3,3,1,1,265,26,291, , ,, ,,,,,, , ,,,,, , ,,2,2,0,3,
?torohanga District Council,?torohanga Community,At Large,FPP,0,1,4,4,4,0,0,2061,11,2072, , ,, ,,,,,, , ,,,,, , ,,2,2,0,4,
Queenstown-Lakes District Council,W?naka-Upper Clutha Community,At Large,FPP,1,0,4,0,6,4,3,12048,175,12223,12048,175,12223,5573,46%,137,78%,5710,47%,258,40,298,227,34,261,6,223,229,2,1,0,4,
Rangit?kei District Council,R?tana Community,At Large,FPP,0,1,4,4,4,2,2,331,0,331, , ,, ,,,,,,, ,,,,, , ,,2,2,0,4,
Rangit?kei District Council,Taihape Community,At Large,FPP,1,0,4,0,6,1,1,2377,4,2381,2377,4,2381,1212,51%,3,75%,1215,51%,15,2,17,13,2,15,1,24,25,5,3,0,4,
Rotorua District Council,Rotorua Lakes Community,At Large,FPP,0,1,4,2,2,1,1,3285,85,3370, , ,, ,,,,,, , ,,,,, , ,,1,1,2,2,
Rotorua District Council,Rotorua Rural Community,At Large,FPP,1,0,4,0,6,2,1,5477,12,5489,5477,12,5489,2324,42%,11,92%,2335,43%,41,1,42,30,1,31,0,128,128,5,3,0,4,
Ruapehu District Council,Taumaruniui-?hura Community,At Large,STV,1,0,5,0,8,3,3,4524,9,4533,4524,9,4533,2438,54%,8,89%,2446,54%,108,6,114,74,4,78,31,189,220,5,3,0,5,
Ruapehu District Council,?whango-National Park Community,At Large,STV,1,0,5,0,7,5,4,747,16,763,747,16,763,438,59%,14,88%,452,59%,23,2,25,14,1,15,1,25,26,2,1,0,5,
Ruapehu District Council,Waimarino-Waiouru Community,At Large,STV,1,0,5,0,10,5,4,2937,111,3048,2937,111,3048,1313,45%,91,82%,1404,46%,32,18,50,22,16,38,11,38,49,4,2,0,5,
Selwyn District Council,Malvern Area Community,Tawera Subdivision,FPP,1,0,2,0,3,0,0,2438,26,2464,2438,26,2464,1420,58%,24,92%,1444,59%,38,5,43,23,2,25,0,124,124,1,1,0,1,
Selwyn District Council,Malvern Area Community,Hawkins Subdivision,FPP,1,0,3,0,6,0,0,4270,4,4274,4270,4,4274,2630,62%,4,100%,2634,62%,75,0,75,55,0,55,0,180,180,2,1,0,3,
South Taranaki District Council,Taranaki Coastal Community,At Large,FPP,1,0,4,0,7,2,2,3892,4,3896,3892,4,3896,1719,44%,5,125%,1724,44%,34,0,34,22,0,22,2,43,45,5,3,0,4,
South Taranaki District Council,Eltham-Kaponga Community,At Large,FPP,1,0,4,0,7,3,1,3012,5,3017,3012,5,3017,1230,41%,5,100%,1235,41%,38,0,38,29,0,29,1,29,30,2,2,0,4,
South Taranaki District Council,Te H?wera Community,At Large,FPP,1,0,4,0,7,3,2,9113,5,9118,9113,5,9118,4287,47%,5,100%,4292,47%,144,0,144,84,0,84,31,82,113,5,4,0,4,
South Taranaki District Council,P?tea Community,At Large,FPP,1,0,4,0,5,2,2,2652,13,2665,2652,13,2665,1175,44%,12,92%,1187,45%,18,0,18,18,0,18,3,15,18,5,4,0,4,
South Waikato District Council,Tirau Community,At Large,FPP,0,1,4,4,4,1,1,1646,0,1646, , ,,,,,,,, , ,,,,, , ,,1,1,0,4,
South Wairarapa District Council,Greytown Community,At Large,FPP,1,0,4,0,6,3,3,3383,24,3407,3383,24,3407,2078,61%,22,92%,2100,62%,71,16,87,54,12,66,5,121,126,5,3,0,4,
South Wairarapa District Council,Featherston Community,At Large,FPP,1,0,4,0,5,2,2,2683,16,2699,2683,16,2699,1418,53%,15,94%,1433,53%,37,5,42,30,4,34,0,52,52,2,2,0,4,
South Wairarapa District Council,Martinborough Community,At Large,FPP,0,1,4,4,4,1,1,3166,77,3243, , ,, ,,,,,,, ,,,,, , ,,2,2,0,4,
Southland District Council,Wallace Takitimu Community,At Large,FPP,0,1,6,6,6,5,5,1791,5,1796, , ,, ,,,,,,, ,,,,, , ,,2,2,0,6,
Southland District Council,?reti Community,Hokonui Subdivision,FPP,0,1,1,1,1,0,0,705,0,705, , ,, ,,,,,,, ,,,,, , ,,1,1,0,1,
Southland District Council,?reti Community,Midlands Subdivision,FPP,1,0,4,4,5,0,0,3660,2,3662,3660,2,3662,1783,49%,1,50%,1784,49%,27,3,30,24,2,26,1,20,21,1,1,0,4,
Southland District Council,?reti Community,Makarewa Subdivision,FPP,0,1,2,2,2,0,0,1605,1,1606, , ,, ,,,,,,, ,,,,, , ,,1,1,0,2,
Southland District Council,?raka Aparima Community,At Large,FPP,0,1,6,5,6,4,3,2079,17,2096, , ,, ,,,,,,, ,,,,, , ,,2,2,1,5,
Southland District Council,Northern Community,Parawa-Fairlight Subdivision,FPP,1,0,1,0,2,0,0,215,2,217,215,2,217,81,38%,2,100%,83,38%,1,0,1,1,0,1,0,2,2,0,0,0,1,
Southland District Council,Northern Community,West Dome Subdivision,FPP,0,1,2,2,2,1,1,403,0,403, , ,, ,,,,,, , ,,,,, , ,,1,1,0,2,
Southland District Council,Northern Community,Mid Dome Subdivision,FPP,0,1,3,3,3,3,3,546,4,550, , ,, ,,,,,, , ,,,,, , ,,2,2,0,3,
Southland District Council,Waih?pai Toetoe Community,At Large,FPP,1,0,7,0,9,6,6,4013,11,4024,4013,11,4024,1549,39%,10,91%,1559,39%,13,2,15,10,2,12,1,35,36,6,6,0,7,
Southland District Council,Stewart Island/Rakiura Community,At Large,FPP,1,0,6,0,7,5,5,318,31,349,318,31,349,201,63%,29,94%,230,66%,7,4,11,5,4,9,0,1,1,2,2,0,6,
Southland District Council,Fiordland Community,At Large,FPP,1,0,6,0,7,5,5,2884,53,2937,2884,53,2937,1286,45%,49,92%,1335,45%,9,4,13,6,4,10,0,14,14,5,4,0,6,
Southland District Council,Tuatapere Te Waewae Community,At Large,FPP,1,0,6,0,7,4,4,1043,4,1047,1043,4,1047,496,48%,4,100%,500,48%,6,0,6,6,0,6,0,6,6,4,3,0,6,
Southland District Council,Ardlussa Community,At Large,FPP,0,1,6,6,6,5,5,1261,5,1266, , ,, ,,,,,, , ,,,,,, ,,1,1,0,5,
Tararua District Council,Dannevirke Community,At Large,FPP,1,0,4,0,8,3,3,6984,14,6998,6984,14,6998,4141,59%,13,93%,4154,59%,133,4,137,118,4,122,0,77,77,3,1,0,4,
Tararua District Council,Eketahuna Community,At Large,FPP,1,0,4,0,6,2,2,1053,3,1056,1053,3,1056,513,49%,1,33%,514,49%,17,3,20,14,2,16,0,14,14,2,1,0,4,
Tasman District Council,Golden Bay Community,At Large,FPP,1,0,4,0,7,2,2,4239,76,4315,4239,76,4315,2434,57%,72,95%,2506,58%,95,2,97,45,2,47,1,39,40,2,1,0,4,
Tasman District Council,Motueka Community,At Large,FPP,1,0,4,0,5,1,1,9343,36,9379,9343,36,9379,4281,46%,34,94%,4315,46%,109,1,110,72,1,73,4,204,208,2,2,0,4,
Thames-Coromandel District Council,Coromandel-Colville Community,At Large,FPP,1,0,4,0,8,4,3,2559,74,2633,2559,74,2633,1366,53%,67,91%,1433,54%,73,0,73,43,0,43,2,18,20,4,2,0,4,
Thames-Coromandel District Council,Mercury Bay Community,At Large,FPP,1,0,4,0,7,2,1,7713,505,8218,7713,505,8218,3620,47%,425,84%,4045,49%,102,1,103,45,1,46,3,140,143,4,1,0,4,
Thames-Coromandel District Council,Thames Community,At Large,FPP,1,0,4,0,8,3,3,7948,49,7997,7948,49,7997,3992,50%,40,82%,4032,50%,147,0,147,95,0,95,7,113,120,1,1,0,4,
Thames-Coromandel District Council,Tairua-P?uanui Community,At Large,FPP,1,0,4,0,5,3,2,2305,292,2597,2305,292,2597,1281,56%,254,87%,1535,59%,46,0,46,19,0,19,1,23,24,1,1,0,4,
Thames-Coromandel District Council,Whangamat? Community,At Large,FPP,1,0,4,0,6,2,2,3789,289,4078,3789,289,4078,1681,44%,248,86%,1929,47%,58,0,58,24,0,24,1,37,38,2,1,0,4,
Timaru District Council,Geraldine Community,At Large,FPP,1,0,6,0,8,3,3,4506,6,4512,4506,6,4512,2383,53%,6,100%,2389,53%,16,1,17,13,0,13,3,53,56,6,4,0,6,
Timaru District Council,Pleasant Point Community,At Large,FPP,1,0,5,0,6,2,2,2158,2,2160,2158,2,2160,1052,49%,2,100%,1054,49%,15,1,16,14,1,15,0,25,25,5,4,0,5,
Timaru District Council,Temuka Community,At Large,FPP,1,0,5,0,7,3,3,4589,2,4591,4589,2,4591,1966,43%,2,100%,1968,43%,33,1,34,28,0,28,3,43,46,5,3,0,5,
Waikato District Council,Tuakau Community,At Large,FPP,1,0,6,0,8,4,3,5423,8,5431,5423,8,5431,1560,29%,8,100%,1568,29%,34,0,34,20,0,20,2,55,57,1,1,0,6,
Waikato District Council,Taupiri Community,At Large,FPP,1,0,4,0,6,0,0,457,1,458,457,1,458,181,40%,0,0%,181,40%,6,0,6,3,0,3,0,7,7,3,3,0,4,
Waikato District Council,Huntly Community,At Large,FPP,1,0,6,0,10,2,1,5560,2,5562,5560,2,5562,1815,33%,1,50%,1816,33%,27,0,27,20,0,20,2,34,36,6,5,0,6,
Waikato District Council,Ng?ruaw?hia Community,At Large,FPP,1,0,6,0,10,5,3,6195,1,6196,6195,1,6196,2067,33%,14,1400%,2081,34%,43,0,43,33,0,33,6,63,69,7,5,0,6,
Waikato District Council,Raglan Community,At Large,FPP,1,0,6,0,9,4,4,4155,18,4173,4155,18,4173,1702,41%,14,78%,1716,41%,100,1,101,66,1,67,5,21,26,3,2,0,6,
Waikato District Council,Rural-Port Waikato Community,North Subdivision,FPP,0,1,2,2,2,1,1,1564,5,1569, , ,, ,,,,,, , ,,,,, , ,,2,2,0,2,
Waikato District Council,Rural-Port Waikato Community,South Subdivision,FPP,0,1,2,2,2,1,1,1702,2,1704, , ,, ,,,,,, , ,,,,, , ,,2,2,0,2,
Waimakariri District Council,Oxford-Ohoka Community,Oxford Subdivision,FPP,1,0,3,0,5,3,3,4560,3,4563,4560,3,4563,1929,42%,3,100%,1932,42%,30,0,30,27,0,27,0,81,81,0,0,0,3,
Waimakariri District Council,Oxford-Ohoka Community,Ohoka-Swannanoa Subdivision,FPP,1,0,3,0,5,2,2,4822,3,4825,4822,3,4825,2126,44%,3,100%,2129,44%,28,0,28,24,0,24,0,168,168,1,1,0,3,
Waimakariri District Council,Woodend-Sefton Community,At Large,FPP,1,0,5,0,7,3,2,8270,3,8273,8270,3,8273,3115,38%,2,67%,3117,38%,73,1,74,54,1,55,3,225,228,2,1,0,5,
Waimakariri District Council,Kaiapoi-Tuahiwi Community,At Large,FPP,1,0,5,0,7,4,3,11765,10,11775,11765,10,11775,4443,38%,10,100%,4453,38%,49,2,51,37,2,39,2,254,256,5,4,0,5,
Waimakariri District Council,Rangiora-Ashley Community,Rangiora Subdivision,FPP,1,0,6,6,8,3,2,14182,8,14190,14182,8,14190,6911,49%,8,100%,6919,49%,133,2,135,95,1,96,5,385,390,2,2,0,6,
Waimakariri District Council,Rangiora-Ashley Community,Ashley Subdivision,FPP,1,0,2,0,4,0,0,5521,5,5526,5521,5,5526,2616,47%,5,100%,2621,47%,48,0,48,30,0,30,0,172,172,1,1,0,2,
Waip? District Council,Cambridge Community,Cambridge Subdivision,FPP,1,0,4,0,13,0,0,16792,17,16809,16792,17,16809,7611,45%,13,76%,7624,45%,276,7,283,224,4,228,10,483,493,7,3,0,4,
Waip? District Council,Cambridge Community,Maungatautari Subdivision,FPP,1,0,1,1,2,1,1,3548,1,3549,3548,1,3549,1649,46%,1,100%,1650,46%,31,2,33,29,1,30,0,98,98,0,0,0,1,
Waip? District Council,Te Awamutu-Kihikihi Community,Te Awamutu-Kihikihi Subdivision,FPP,1,0,1,0,6,3,3,12225,9,12234,12225,9,12234,4760,39%,8,89%,4768,39%,132,4,136,111,2,113,0,225,225,3,2,0,4,
Waip? District Council,Te Awamutu-Kihikihi Community,Kakepuku Subdivision,FPP,0,1,1,1,1,1,1,2676,3,2679, , ,, ,,,,,, , ,,,,, , ,,0,0,0,1,
Waitaki District Council,Ahuriri Community,At Large,FPP,0,1,5,5,5,5,5,1206,25,1231, , ,, ,,,,,, , ,,,,, , ,,1,1,0,5,
Waitaki District Council,Waihemo Community,At Large,FPP,1,0,5,0,6,4,4,1784,6,1790,1784,6,1790,893,50%,4,67%,897,50%,17,1,18,14,1,15,1,27,28,2,2,0,5,
Wellington City Council,M?kara-?hariu Community,At Large,STV,0,1,4,4,4,4,4,720,2,722, , ,, ,,,,,, , ,,,,, , ,,0,0,0,4,
Wellington City Council,Tawa Community,At Large,STV,1,0,6,0,8,3,3,10879,30,10909,10879,30,10909,5044,46%,27,90%,5071,46%,139,4,143,124,2,126,21,251,272,4,3,0,6,
Western Bay Of Plenty District Council,Waih? Beach Community,At Large,FPP,1,0,4,0,6,2,2,3059,117,3176,3059,117,3176,1332,44%,91,78%,1423,45%,32,18,50,23,10,33,0,51,51,4,2,0,4,
Western Bay Of Plenty District Council,Katikati Community,At Large,FPP,1,0,6,0,8,2,2,8265,6,8271,8265,6,8271,3403,41%,4,67%,3407,41%,60,3,63,43,3,46,0,92,92,3,1,0,4,
Western Bay Of Plenty District Council,?mokoroa-Kaimai Community,?mokoroa,FPP,1,0,2,0,3,1,0,5750,7,5757,5750,7,5757,2374,41%,5,71%,2379,41%,47,1,48,33,1,34,0,120,120,0,0,0,2,
Western Bay Of Plenty District Council,?mokoroa-Kaimai Community,Kaimai West,FPP,1,0,2,0,3,0,0,4856,3,4859,4856,3,4859,1853,38%,2,67%,1855,38%,27,2,29,21,2,23,0,427,427,3,2,0,2,
Western Bay Of Plenty District Council,?mokoroa-Kaimai Community,Kaimai East,FPP,0,1,2,2,2,0,0,4816,3,4819, , ,, ,,,,,, , ,,,,, , ,,0,0,0,2,
Western Bay Of Plenty District Council,Te Puke-Eastern Community,Te Puke,FPP,1,0,3,0,4,2,1,7482,9,7491,7482,9,7491,2595,35%,6,67%,2601,35%,65,7,72,51,5,56,1,170,171,4,3,0,3,
Western Bay Of Plenty District Council,Te Puke-Eastern Community,Eastern,FPP,0,1,2,2,2,0,0,4262,26,4288, , ,, ,,,,,, , ,,,,, , ,,1,1,0,2,
Western Bay Of Plenty District Council,Maketu Community,At Large,FPP,1,0,4,0,6,0,0,1190,5,1195,1190,5,1195,527,44%,5,100%,532,45%,18,5,23,11,4,15,0,24,24,3,3,0,4,
Whakat?ne District Council,Rangit?iki Community,At Large,FPP,1,0,6,0,7,2,1,6731,3,6734,6731,3,6734,3325,49%,4,133%,3329,49%,161,0,161,76,0,76,2,100,102,2,2,0,6,
Whakat?ne District Council,T?neatua Community,At Large,FPP,0,1,3,3,3,0,0,2987,4,2991, , ,, ,,,,,, , ,,,,, , ,,1,1,0,3,
Whakat?ne District Council,Whakat?ne-?hope Community,At Large,FPP,1,0,6,0,8,3,3,14149,40,14189,14149,40,14189,7310,52%,39,98%,7349,52%,412,3,415,155,3,158,11,403,414,4,4,0,6,
Whakat?ne District Council,Murupara Community,Galatea-Wai?hua Subdivision,FPP,0,1,2,2,2,1,1,657,1,658, , ,, ,,,,,, , ,,,,, , ,,1,1,0,2,
Whakat?ne District Council,Murupara Community,Murupara Subdivision,FPP,0,1,3,3,3,0,0,1169,0,1169, , ,, ,,,,,, , ,,,,, , ,,1,1,0,3,
Whakat?ne District Council,Murupara Community,Te Urewera Subdivision,FPP,0,1,1,1,1,0,0,326,1,327, , ,, ,,,,,, , ,,,,, , ,,1,1,0,1,
Whanganui District Council,Wanganui Rural Community,Whanganui Subdivision,FPP,1,0,2,0,4,1,1,925,9,934,925,9,934,480,52%,8,89%,488,52%,29,1,30,24,0,24,0,36,36,2,0,0,2,
Whanganui District Council,Wanganui Rural Community,Kai Iwi Subdivision,FPP,0,1,3,3,3,0,0,2262,0,2262, , ,, ,,,,,, , ,,,,, , ,,0,0,0,3,
Whanganui District Council,Wanganui Rural Community,Kaitoke Subdivision,FPP,0,1,2,2,2,1,1,1181,1,1182, , ,, ,,,,,, , ,,,,, , ,,0,0,0,2,
,,,,,,,,,,,,,,,,,,,,,,,,,,,,,,,,,,,,
Local Boards,,,,,,,,,,,,,,,,,,,,,,,,,,,,,,,,,,,,
Total,,,,32,0,137,0,349,104,87,"1,078,648","1,078,648","317,290",29.4%,"7,971","5,051",958,"6,853","7,811",123,56,0,137,,,,,,,,,,,,,
Authority,Local Board,Subdivision,Electoral system,Contested Local Boards (N),Uncontested Local Boards (N),"Positions
(N)","Elected uncontested
(N)","Candidates
(N)","Candidates - LB sitting members
(N)",LB members re-elected (N),"Electors
(N)",Total electors (Contested wards only),"Total voters
(N)",Overall turnout (%),"Total special votes cast
(N)","Total special votes allowed
(N)","Informal votes
(N)","Blank votes
(N)","Blank and informal votes
(N)","Women candidates
(N)","Women members
(N)",Unfilled positions,Total number elected,,,,,,,,,,,,,
Auckland Council,Albert-Eden,Maungawhau,FPP,1,0,4,0,10,4,3,"38,249","38,249","11,080",29%,351,220,28,425,453,2,2,0,4,,,,,,,,,,,,,
Auckland Council,Albert-Eden,Owairaka,FPP,1,0,4,0,9,2,2,"35,803","35,803","11,144",31%,490,248,25,308,333,4,4,0,4,,,,,,,,,,,,,
Auckland Council,Aotea/Great Barrier Island,At Large,FPP,1,0,5,0,8,3,3,968,968,544,56%,42,25,0,2,2,3,2,0,5,,,,,,,,,,,,,
Auckland Council,Devonport-Takapuna,At Large,FPP,1,0,6,0,20,3,3,"44,318","44,318","15,454",35%,361,233,82,425,507,8,1,0,6,,,,,,,,,,,,,
Auckland Council,Franklin  ,Pukekohe,FPP,1,0,4,0,6,2,2,"28,225","28,225","8,451",30%,109,86,12,171,183,2,1,0,4,,,,,,,,,,,,,
Auckland Council,Franklin  ,Wairoa,FPP,1,0,3,0,7,2,2,"19,929","19,929","6,851",34%,92,68,12,172,184,2,2,0,3,,,,,,,,,,,,,
Auckland Council,Franklin  ,Waiuku,FPP,1,0,2,0,7,1,1,"11,421","11,421","3,920",34%,48,46,4,44,48,1,0,0,2,,,,,,,,,,,,,
Auckland Council,Henderson-Massey,At Large,FPP,1,0,8,0,29,7,6,"86,419","86,419","21,965",25%,632,413,153,334,487,10,3,0,8,,,,,,,,,,,,,
Auckland Council,Hibiscus and Bays  ,East Coast Bays,FPP,1,0,4,0,7,3,3,"37,679","37,679","11,680",31%,201,130,17,314,331,3,2,0,4,,,,,,,,,,,,,
Auckland Council,Hibiscus and Bays  ,Hibiscus Coast,FPP,1,0,4,0,17,3,3,"47,559","47,559","17,194",36%,363,253,81,300,381,4,2,0,4,,,,,,,,,,,,,
Auckland Council,Howick,Botany ,FPP,1,0,2,0,4,2,2,"21,931","21,931","5,951",27%,84,58,9,225,234,1,0,0,2,,,,,,,,,,,,,
Auckland Council,Howick,Howick,FPP,1,0,3,0,7,3,2,"32,440","32,440","10,770",33%,169,117,15,274,289,2,1,0,3,,,,,,,,,,,,,
Auckland Council,Howick,Pakuranga,FPP,1,0,3,0,8,2,2,"30,586","30,586","9,372",31%,155,103,6,162,168,2,1,0,3,,,,,,,,,,,,,
Auckland Council,Howick,Flat Bush,FPP,1,0,3,0,10,2,1,"27,647","27,647","6,390",23%,181,96,24,113,137,3,0,0,3,,,,,,,,,,,,,
Auckland Council,Kaip?tiki,At Large,FPP,1,0,8,0,15,6,5,"64,978","64,978","18,479",28%,445,302,38,391,429,5,4,0,8,,,,,,,,,,,,,
Auckland Council,M?ngaere-?tahuhu,At Large,FPP,1,0,7,0,12,6,6,"54,429","54,429","12,910",24%,432,219,29,138,167,5,3,0,7,,,,,,,,,,,,,
Auckland Council,Manurewa,At Large,FPP,1,0,8,0,19,5,4,"65,243","65,243","16,201",25%,444,295,51,182,233,9,4,0,8,,,,,,,,,,,,,
Auckland Council,Maungakiekie-T?maki,Maungakiekie,FPP,1,0,3,0,6,3,3,"22,046","22,046","6,204",28%,212,144,13,142,155,3,1,0,3,,,,,,,,,,,,,
Auckland Council,Maungakiekie-T?maki,T?maki,FPP,1,0,4,0,17,3,2,"33,918","33,918","8,586",25%,230,142,64,186,250,10,4,0,4,,,,,,,,,,,,,
Auckland Council,Or?kei,At Large,FPP,1,0,7,0,12,6,6,"67,812","67,812","23,645",35%,468,326,45,691,736,4,3,0,7,,,,,,,,,,,,,
Auckland Council,?tara-Papatoetoe,?tara,FPP,1,0,3,0,9,3,3,"23,420","23,420","4,955",21%,87,47,20,59,79,2,0,0,3,,,,,,,,,,,,,
Auckland Council,?tara-Papatoetoe,Papatoetoe,FPP,1,0,4,0,13,3,0,"35,253","35,253","11,145",32%,356,156,30,85,115,2,0,0,4,,,,,,,,,,,,,
Auckland Council,Papakura,At Large,FPP,1,0,6,0,16,6,6,"46,406","46,406","10,896",23%,347,246,44,160,204,7,2,0,6,,,,,,,,,,,,,
Auckland Council,Puket?papa,At Large,FPP,1,0,6,0,15,5,4,"44,111","44,111","11,583",26%,342,193,35,235,270,7,3,0,6,,,,,,,,,,,,,
Auckland Council,Rodney,Dairy Flat,FPP,1,0,1,0,3,0,0,"7,381","7,381","2,342",32%,34,24,3,51,54,1,1,0,1,,,,,,,,,,,,,
Auckland Council,Rodney,Kume?,FPP,1,0,2,0,6,2,1,"13,007","13,007","4,243",33%,79,57,6,75,81,2,0,0,2,,,,,,,,,,,,,
Auckland Council,Rodney,Warkworth,FPP,1,0,2,0,4,2,2,"13,357","13,357","5,719",43%,109,75,3,102,105,1,0,0,2,,,,,,,,,,,,,
Auckland Council,Rodney,Southern Kaipara,FPP,1,0,2,0,3,2,2,"11,433","11,433","4,064",36%,86,67,3,66,69,0,0,0,2,,,,,,,,,,,,,
Auckland Council,Rodney,Northern Rodney,FPP,1,0,2,0,5,0,0,"10,871","10,871","4,012",37%,64,33,4,85,89,0,0,0,2,,,,,,,,,,,,,
Auckland Council,Upper Harbour,At Large,FPP,1,0,6,0,13,6,4,"54,657","54,657","14,418",26%,308,203,42,545,587,5,5,0,6,,,,,,,,,,,,,
Auckland Council,Waiheke,At Large,FPP,1,0,5,0,12,3,2,"7,308","7,308","3,726",51%,227,130,11,39,50,4,2,0,5,,,,,,,,,,,,,
Auckland Council,Wait?kere Ranges,At Large,FPP,1,0,6,0,20,4,2,"39,844","39,844","13,396",34%,423,296,49,352,401,9,3,0,6,,,,,,,,,,,,,
Auckland Council,Waitemat?,At Large,FPP,1,0,7,0,20,5,4,"57,928","57,928","18,198",31%,858,525,63,645,708,9,5,0,7,,,,,,,,,,,,,
Auckland Council,Whau,At Large,FPP,1,0,7,0,16,6,6,"58,957","58,957","15,180",26%,477,320,33,309,342,7,4,0,7,,,,,,,,,,,,,
,,,,,,,,,,,,,,,,,,,,,,,,,,,,,,,,,,,,
Regional Council,,,,,,,,,,,,,,,,,,,,,,,,,,,,,,,,,,,,
TOTAL,,,57,13,132,14,293,96,77,"2,201,235","4,615","2,205,850","2,034,038","4,409","2,038,447","892,037",43.9%,"3,724",84.5%,"895,761",43.9%,"31,009",576,"31,585","23,358",406,"23,764","6,592","66,433","73,025",90,42,0,132,,
Authority,Constituency,Electoral system,Number of Contested Constituencies,Number of Uncontested Constituencies,"Positions 
(N)","Elected uncontested
(N)","Candidates 
(N)","Candidates Council sitting members 
(N)",Council members re-elected (N),"Residential electors 
(N)","Ratepayer electors 
(N)","Total electors 
(N)",Residential electors (contested wards only),Ratepayer electors (contested wards only),Total electors (Contested wards only),"Residential voters 
(N)","Residential turnout 
(%)","Ratepayer voters 
(N)","Ratepayer turnout
(%)","Total voters 
(N)",Overall turnout (%),"Residential special votes cast 
(N)","Ratepayer special votes cast 
(N)","Total special votes cast 
(N)","Residential special votes allowed 
(N)","Ratepayer special votes allowed 
(N)","Total special votes allowed 
(N)","Informal votes
(N)","Blank votes 
(N)","Blank and informal votes 
(N)","Female candidates
(N)","Female councillors
(N)",Unfilled positions,Total number elected,,
Bay of Plenty Regional Council,Eastern Bay of Plenty General Constituency,FPP,1,0,2,0,4,1,1,"24,729",38,"24,767","24,729",38,"24,767","12,685",51.3%,36,94.7%,"12,721",51.4%,471,6,477,226,6,232,17,621,638,2,1,0,2,,
Bay of Plenty Regional Council,Rotorua General Constituency,FPP,1,0,2,0,11,1,,"34,563",120,"34,683","34,563",120,"34,683","15,848",45.9%,105,87.5%,"15,953",46.0%,480,13,493,411,12,423,54,669,723,4,1,0,2,,
Bay of Plenty Regional Council,Tauranga General Constituency,FPP,1,0,5,0,18,4,2,"97,767",230,"97,997","97,767",230,"97,997","24,366",24.9%,165,71.7%,"24,531",25.0%,227,5,232,192,4,196,72,36,108,5,2,0,5,,
Bay of Plenty Regional Council,Western Bay of Plenty General Constituency,FPP,1,0,2,0,4,1,1,"35,803",122,"35,925","35,803",122,"35,925","13,754",38.4%,91,74.6%,"13,845",38.5%,259,19,278,189,10,199,36,"1,730","1,766",1,0,0,2,,
Bay of Plenty Regional Council,Mauao M?ori Constituency,FPP,1,0,1,0,3,1,1,"13,612",7,"13,619",13612,7,"13,619","3,461",25.4%,2,28.6%,"3,463",25.4%,85,,85,66,0,66,2,125,127,2,1,0,1,,
Bay of Plenty Regional Council,K?hi M?ori Constituency,FPP,1,0,1,0,4,0,0,"12,398",9,"12,407",12398,9,"12,407","5,282",42.6%,6,66.7%,"5,288",42.6%,442,1,443,202,1,203,39,173,212,1,1,0,1,,
Bay of Plenty Regional Council,Okurei M?ori Constituency,FPP,1,0,1,0,3,1,0,"13,151",2,"13,153",13151,2,"13,153","4,964",37.7%,2,100.0%,"4,966",37.8%,308,1,309,261,1,262,5,106,111,0,0,0,1,,
Canterbury Regional Council,North Canterbury/?pukepuke Constituency,FPP,1,0,2,0,5,2,1,"61,764",22,"61,786","61,764",22,"61,786","26,782",43.4%,18,81.8%,"26,800",43.4%,523,7,530,375,2,377,74,"3,314","3,388",1,1,0,2,,
Canterbury Regional Council,Christchurch West/?puna Constituency,FPP,1,0,2,0,4,1,1,"75,814",30,"75,844","75,814",30,"75,844","29,002",38.3%,26,86.7%,"29,028",38.3%,590,5,595,493,3,496,5,"2,148","2,153",1,1,0,2,,
Canterbury Regional Council,Mid-Canterbury/?pakihi Constituency,FPP,1,0,2,0,4,2,2,"77,609",24,"77,633",77609,24,"77,633","37,015",47.7%,22,91.7%,"37,037",47.7%,936,5,941,743,2,745,54,"2,549","2,603",1,0,0,2,,
Canterbury Regional Council,South Canterbury/?tuhituhi Constituency,FPP,1,0,2,0,3,2,2,"43,654",53,"43,707","43,654",53,"43,707","21,736",49.8%,47,88.7%,"21,783",49.8%,461,28,489,364,10,374,25,"2,364","2,389",1,0,0,2,,
Canterbury Regional Council,Christchurch North East/?rei Constituency,FPP,1,0,2,0,4,2,1,"71,356",28,"71,384","71,356",28,"71,384","26,420",37.0%,22,78.6%,"26,442",37.0%,666,3,669,548,3,551,6,"1,202","1,208",1,1,0,2,,
Canterbury Regional Council,Christchurch Central/?hoko Consituency,FPP,1,0,2,0,7,1,1,"67,781",48,"67,829",67781,48,"67,829","23,333",34.4%,37,77.1%,"23,370",34.5%,877,10,887,688,5,693,16,"1,602","1,618",3,2,0,2,,
Canterbury Regional Council,Christchurch South/?whangai Constituency,FPP,1,0,2,0,7,0,0,"65,312",30,"65,342",65312,30,"65,342","28,434",43.5%,26,86.7%,"28,460",43.6%,886,10,896,774,8,782,17,"1,465","1,482",1,1,0,2,,
Hawke's Bay Regional Council,Wairoa General Constituency,FPP,1,0,1,0,2,1,1,"3,077",27,"3,104",3077,27,"3,104","1,819",59.1%,23,85.2%,"1,842",59.3%,73,1,74,66,1,67,2,72,74,2,1,0,1,,
Hawke's Bay Regional Council,Ahuriri/Napier General Constituency,FPP,1,0,3,0,6,2,2,"41,299",27,"41,326",41299,27,"41,326","19,729",47.8%,23,85.2%,"19,752",47.8%,587,7,594,487,6,493,17,617,634,3,2,0,3,,
Hawke's Bay Regional Council,Ngaruroro General Constituency,FPP,1,0,1,0,2,1,1,"14,170",10,"14,180","14,170",10,"14,180","7,352",51.9%,9,90.0%,"7,361",51.9%,188,4,192,161,2,163,,411,411,0,0,0,1,,
Hawke's Bay Regional Council,Tamatea/Central Hawke's Bay General Constituency,FPP,1,0,1,0,3,0,0,"9,583",10,"9,593",9583,10,"9,593","5,600",58.4%,8,80.0%,"5,608",58.5%,129,10,139,98,8,106,26,304,330,1,0,0,1,,
Hawke's Bay Regional Council,Heretaunga/Hastings General Constituency,FPP,1,0,3,0,4,2,2,"34,966",17,"34,983","34,966",17,"34,983","15,853",45.3%,16,94.1%,"15,869",45.4%,439,5,444,382,4,386,3,"1,376","1,379",1,1,0,3,,
Hawke's Bay Regional Council,M?ui ki te Raki M?ori Constituency,FPP,1,0,1,0,2,0,0,"6,102",3,"6,105",6102,3,"6,105","3,126",51.2%,3,100.0%,"3,129",51.3%,211,2,213,178,2,180,,276,276,1,1,0,1,,
Hawke's Bay Regional Council,M?ui ki te Tonga M?ori Constituency,FPP,0,1,1,1,1,1,1,"9,928",0,"9,928",,,,,,,,,,,,,,,,,,,0,0,0,1,,
Manawat?-Whanganui Regional Council,Ruapehu General Constituency,FPP,0,1,1,1,1,1,1,"6,345",125,"6,470",,,,,,,,,,,,,,,,,,,1,1,0,1,,
Manawat?-Whanganui Regional Council,Whanganui General Constituency,FPP,1,0,2,0,4,1,1,"28,652",30,"28,682",28652,30,"28,682","14,896",52.0%,26,86.7%,"14,922",52.0%,627,13,640,524,4,528,7,"2,037","2,044",0,0,0,2,,
Manawat?-Whanganui Regional Council,Manawat?-Rangitikei General Constituency,FPP,1,0,2,0,4,2,2,"30,251",24,"30,275","30,251",24,"30,275","13,818",45.7%,19,79.2%,"13,837",45.7%,258,8,266,201,5,206,19,"1,025","1,044",0,0,0,2,,
Manawat?-Whanganui Regional Council,Palmerston North General Constituency,FPP,1,0,4,0,10,3,3,"54,159",69,"54,228",54159,69,"54,228","23,094",42.6%,64,92.8%,"23,158",42.7%,830,2,832,496,2,498,249,"1,415","1,664",5,1,0,4,,
Manawat?-Whanganui Regional Council,Horowhenua General Constituency,FPP,1,0,2,0,6,0,0,"22,603",63,"22,666",22603,63,"22,666","10,836",47.9%,60,95.2%,"10,896",48.1%,397,26,423,332,19,351,12,756,768,2,1,0,2,,
Manawat?-Whanganui Regional Council,Tararua General Constituency,FPP,1,0,1,0,2,0,0,"11,412",16,"11,428",11412,16,"11,428","6,467",56.7%,13,81.3%,"6,480",56.7%,140,6,146,120,5,125,2,"1,048","1,050",2,1,0,1,,
Manawat?-Whanganui Regional Council,Raki M?ori Constituency,FPP,1,0,1,0,4,1,0,"10,168",1,"10,169",10168,1,"10,169","4,419",43.5%,1,100.0%,"4,420",43.5%,305,6,311,240,4,244,124,149,273,1,0,0,1,,
Manawat?-Whanganui Regional Council,Tonga M?ori Constituency,FPP,0,1,1,1,1,1,1,"9,694",2,"9,696",,,,,,,,,,,,,,,,,,,0,0,0,1,,
Northland Regional Council,Far North General Constituency,FPP,1,0,1,0,3,1,1,"15,543",57,"15,600",15543,57,"15,600","7,935",51.1%,50,87.7%,"7,985",51.2%,425,9,434,211,5,216,627,407,"1,034",1,0,0,1,,
Northland Regional Council,Bay of Islands-Whangaroa General Constituency,FPP,1,0,1,0,6,0,0,"16,026",48,"16,074",16026,48,"16,074","8,667",54.1%,43,89.6%,"8,710",54.2%,323,0,323,179,0,179,489,713,"1,202",2,0,0,1,,
Northland Regional Council,Kaipara General Constituency,FPP,1,0,1,0,2,1,1,"13,957",59,"14,016",13957,59,"14,016","7,896",56.6%,43,72.9%,"7,939",56.6%,309,0,309,128,0,128,44,537,581,1,0,0,1,,
Northland Regional Council,Mid North General Constituency,FPP,0,1,1,1,1,1,1,"14,074",5,"14,079",,,,,,,,,,,,,,,,,,,0,0,0,1,,
Northland Regional Council,Coastal Central General,FPP,1,0,1,0,2,1,1,"15,017",59,"15,076",15017,59,"15,076","7,946",52.9%,50,84.7%,"7,996",53.0%,308,0,308,228,0,228,118,492,610,1,1,0,1,,
Northland Regional Council,Whang?rei Central General Constituency,FPP,1,0,1,0,2,1,1,"15,185",8,"15,193",15185,8,"15,193","6,313",41.6%,6,75.0%,"6,319",41.6%,242,0,242,68,0,68,78,504,582,1,0,0,1,,
Northland Regional Council,Coastal South General Constituency,FPP,1,0,1,0,3,0,0,"16,341",194,"16,535",16341,194,"16,535","8,132",49.8%,168,86.6%,"8,300",50.2%,156,0,156,98,0,98,185,607,792,0,0,0,1,,
Northland Regional Council,Te Raki M?ori Constituency,FPP,1,0,2,0,4,2,0,"27,126",14,"27,140",27126,14,"27,140","11,718",43.2%,11,78.6%,"11,729",43.2%,"1,694",1,"1,695",832,1,833,582,315,897,1,0,0,2,,
Otago Regional Council,Dunstan Constituency,STV,1,0,4,0,7,2,2,"48,514",326,"48,840",48514,326,"48,840","22,443",46.3%,257,78.8%,"22,700",46.5%,746,70,816,646,59,705,741,"1,368","2,109",2,0,0,4,,
Otago Regional Council,Moeraki Constituency,STV,1,0,1,0,2,1,1,"15,108",13,"15,121",15108,13,"15,121","8,081",53.5%,11,84.6%,"8,092",53.5%,183,7,190,137,5,142,9,719,728,1,0,0,1,,
Otago Regional Council,Molyneux Constituency,STV,1,0,2,0,4,2,1,"27,176",76,"27,252",27176,76,"27,252","14,430",53.1%,47,61.8%,"14,477",53.1%,130,1,131,97,1,98,220,"1,972","2,192",2,1,0,2,,
Otago Regional Council,Dunedin Constituency,STV,1,0,5,0,10,5,3,"79,673",80,"79,753",79673,80,"79,753","35,295",44.3%,64,80.0%,"35,359",44.3%,"1,193",8,"1,201","1,044",8,"1,052",353,"4,725","5,078",3,3,0,5,,
Southland Regional Council,Fiordland Constituency,FPP,0,1,1,1,1,1,1,"2,884",16,"2,900",,,,,,,,,,,,,,,,,,,0,0,0,1,,
Southland Regional Council,Eastern-Dome Constituency,FPP,0,1,2,2,2,2,2,"11,449",18,"11,467",,,,,,,,,,,,,,,,,,,0,0,0,2,,
Southland Regional Council,Western Constituency,FPP,0,1,1,1,1,0,0,"4,913",8,"4,921",,,,,,,,,,,,,,,,,,,0,0,0,1,,
Southland Regional Council,Hokonui Constituency,FPP,1,0,1,0,2,1,0,"5,970",2,"5,972",5970,2,"5,972","2,632",44.1%,2,100.0%,"2,634",44.1%,41,2,43,32,0,32,2,109,111,0,0,0,1,,
Southland Regional Council,Southern Constituency,FPP,0,1,1,1,1,1,1,"4,013",3,"4,016",,,,,,,,,,,,,,,,,,,0,0,0,1,,
Southland Regional Council,Invercargill-Rakiura Constituency,FPP,1,0,6,0,11,4,4,"39,074",50,"39,124",39074,50,"39,124","18,131",46.4%,43,86.0%,"18,174",46.5%,788,8,796,607,6,613,9,"1,953","1,962",2,1,0,6,,
Taranaki Regional Council,North Taranaki General Constituency,FPP,1,0,2,0,5,2,1,"14,254",7,"14,261",14254,7,"14,261","6,593",46.3%,8,114.3%,"6,601",46.3%,63,0,63,37,0,37,183,556,739,1,0,0,2,,
Taranaki Regional Council,New Plymouth General Constituency,FPP,1,0,5,0,9,3,3,"42,531",16,"42,547",42531,16,"42,547","20,244",47.6%,18,112.5%,"20,262",47.6%,689,4,693,455,2,457,185,"1,941","2,126",3,1,0,5,,
Taranaki Regional Council,Stratford General  Constituency,FPP,1,0,1,0,2,1,1,"6,408",3,"6,411",6408,3,"6,411","3,500",54.6%,3,100.0%,"3,503",54.6%,108,3,111,70,1,71,4,174,178,0,0,0,1,,
Taranaki Regional Council,South Taranaki General Constituency,FPP,1,0,2,0,3,2,2,"16,043",12,"16,055",16043,12,"16,055","7,380",46.0%,13,108.3%,"7,393",46.0%,159,0,159,103,0,103,4,505,509,1,1,0,2,,
Taranaki Regional Council,Taranaki M?ori Constituency,FPP,0,1,1,1,1,1,1,"7,736",3,"7,739",,,,,,,,,,,,,,,,,,,1,1,0,1,,
Waikato Regional Council,Thames-Coromandel General Consituency,FPP,1,0,1,0,2,1,1,"27,155",1204,"28,359",27155,1204,"28,359","13,016",47.9%,"1,029",85.5%,"14,045",49.5%,446,7,453,241,7,248,19,"1,270","1,289",0,0,0,1,,
Waikato Regional Council,Waikato General Constituency,FPP,1,0,2,0,4,2,1,"49,626",23,"49,649",49626,23,"49,649","17,399",35.1%,22,95.7%,"17,421",35.1%,460,0,460,329,0,329,21,807,828,1,0,0,2,,
Waikato Regional Council,Waihou General Constituency,FPP,1,0,2,0,5,1,1,"45,547",19,"45,566",45547,19,"45,566","21,334",46.8%,16,84.2%,"21,350",46.9%,534,8,542,373,5,378,112,"2,110","2,222",1,0,0,2,,
Waikato Regional Council,Taup?-Rotorua General Constituency,FPP,1,0,1,0,3,1,1,"25,448",406,"25,854",25448,406,"25,854","14,520",57.1%,349,86.0%,"14,869",57.5%,603,95,698,484,89,573,17,"1,710","1,727",2,0,0,1,,
Waikato Regional Council,Hamilton General Constituency,FPP,1,0,4,0,10,4,4,"99,905",179,"100,084",99905,179,"100,084","33,688",33.7%,162,90.5%,"33,850",33.8%,"1,817",1,"1,818","1,603",1,"1,604",267,"2,838","3,105",2,2,0,4,,
Waikato Regional Council,Waip?-King County General Constituency,FPP,1,0,2,0,4,2,0,"47,930",33,"47,963",47930,33,"47,963","20,991",43.8%,31,93.9%,"21,022",43.8%,583,10,593,455,8,463,31,"1,164","1,195",1,1,0,2,,
Waikato Regional Council,Ng? Tai ki Uta M?ori Constituency,FPP,0,1,1,1,1,1,1,"15,176",5,"15,181",,,,,,,,,,,,,,,,,,,1,1,0,1,,
Waikato Regional Council,Ng? Hau e Wha M?ori Constituency,FPP,0,1,1,1,1,1,1,"23,785",4,"23,789",,,,,,,,,,,,,,,,,,,1,1,0,1,,
West Coast Regional Council,Buller Constituecy,FPP,1,0,2,0,3,1,1,"7,579",46,"7,625",7579,46,"7,625","4,159",54.9%,38,82.6%,"4,197",55.0%,156,10,166,110,8,118,1,136,137,0,0,0,2,,
West Coast Regional Council,Grey Constituency,FPP,1,0,3,0,7,3,2,"9,874",9,"9,883",9874,9,"9,883","4,673",47.3%,7,77.8%,"4,680",47.4%,104,5,109,81,4,85,6,80,86,1,0,0,3,,
West Coast Regional Council,Westland Constituency,FPP,1,0,2,0,6,1,1,6405,54,"6,459",6405,54,"6,459",3629,56.7%,42,77.8%,"3,671",56.8%,123,16,139,85,3,88,16,170,186,3,0,0,2,,
Wellington Regional Council,K?piti Coast Constituency,STV,1,0,1,0,2,1,1,"40,579",79,"40,658",40579,79,"40,658","19,027",46.9%,77,97.5%,"19,104",47.0%,664,6,670,474,5,479,1,"1,680","1,681",1,1,0,1,,
Wellington Regional Council,Porirua-Tawa Constituency,STV,1,0,2,0,5,1,0,"48,271",15,"48,286",48271,15,"48,286","20,461",42.4%,13,86.7%,"20,474",42.4%,688,6,694,555,4,559,100,"1,839","1,939",2,1,0,2,,
Wellington Regional Council,Te Awa Kairangi ki Uta/Upper Hutt Constituency,STV,0,1,1,1,1,1,1,"31,015",8,"31,023",,,,,,,,,,,,,,,,,,,1,1,0,1,,
Wellington Regional Council,Te Awa Kairangi ki Tai/Lower Hutt Constituency,STV,1,0,3,0,8,1,1,"71,720",16,"71,736",71720,16,"71,736","30,216",42.1%,14,87.5%,"30,230",42.1%,"1,062",5,"1,067",784,3,787,880,"2,377","3,257",0,0,0,3,,
Wellington Regional Council,P?neke/Wellington Constituency,STV,1,0,5,0,11,3,3,"143,972",219,"144,191",143972,219,"144,191","73,402",51.0%,194,88.6%,"73,596",51.0%,"4,342",77,"4,419","3,621",45,"3,666",387,"3,368","3,755",5,2,0,5,,
Wellington Regional Council,Wairarapa Constituency,STV,1,0,1,0,2,1,1,"34,326",23,"34,349",34326,23,"34,349","18,095",52.7%,23,100.0%,"18,118",52.7%,475,14,489,374,7,381,18,"1,697","1,715",1,1,0,1,,
Wellington Regional Council,Te Upoko o te ika a M?ui Constituency,STV,0,1,1,1,1,0,0,"26,185",9,"26,194",,,,,,,,,,,,,,,,,,,1,1,0,1,,
,,,,,,,,,,,,,,,,,,,,,,,,,,,,,,,,,,,,
Regional Councils Summary,,,,,,,,,,,,,,,,,,,,,,,,,,,,,,,,,,,,
TOTAL,,,57,13,132,14,293,96,77,"2,201,235","4,615","2,205,850","2,034,038","4,409","2,038,447","892,037",43.9%,"3,724",84.5%,"895,761",43.9%,"31,009",576,"31,585","23,358",406,"23,764","6,592","66,433","73,025",90,42,,132,,
Authority,Constituency,Electoral system,Number of Contested Constituencies,Number of Uncontested Constituencies,"Positions 
(N)","Elected uncontested
(N)","Candidates 
(N)","Candidates Council sitting members 
(N)",Council members re-elected (N),"Residential electors 
(N)","Ratepayer electors 
(N)","Total electors 
(N)",Residential electors (contested wards only),Ratepayer electors (contested wards only),Total electors (Contested wards only),"Residential voters 
(N)","Residential turnout 
(%)","Ratepayer voters 
(N)","Ratepayer turnout
(%)","Total voters 
(N)",Overall turnout (%),"Residential special votes cast 
(N)","Ratepayer special votes cast 
(N)","Total special votes cast 
(N)","Residential special votes allowed 
(N)","Ratepayer special votes allowed 
(N)","Total special votes allowed 
(N)","Informal votes
(N)","Blank votes 
(N)","Blank and informal votes 
(N)","Female candidates
(N)","Female councillors
(N)",Unfilled positions,Total number elected,,
Bay of Plenty Regional Council,,FPP,7,0,14,0,47,9,5,"232,023",528,"232,551","232,023",528,"232,551","80,360",34.6%,407,77.1%,"80,767",34.7%,"2,272",45,"2,317","1,547",34,"1,581",225,"3,460","3,685",15,6,0,14,,
Canterbury Regional Council,,FPP,7,0,14,0,34,10,8,"463,290",235,"463,525","463,290",235,"463,525","192,722",41.6%,198,84.3%,"192,920",41.6%,4939,68,"5,007","3,985",33,"4,018",197,"14,644","14,841",9,6,0,14,,
Hawke's Bay Regional Council,,FPP,6,1,11,1,20,7,7,"119,125",94,"119,219","109,197",94,"109,291","53,479",49.0%,82,87.2%,"53,561",49.0%,"1,627",29,"1,656","1,372",23,"1,395",48,"3,056","3,104",8,5,0,11,,
Manawat?-Whanganui Regional Council,,FPP,6,2,14,2,32,9,8,"173,284",330,"173,614","157,245",203,"157,448","73,530",46.8%,183,90.1%,"73,713",46.8%,"2,557",61,"2,618","1,913",39,"1,952",413,"6,430","6,843",11,4,0,14,,
Northland Regional Council,,FPP,7,1,9,1,23,7,5,"133,269",444,"133,713","119,195",439,"119,634","58,607",49.2%,371,84.5%,"58,978",49.3%,"3,457",10,"3,467","1,744",6,"1,750","2,123","3,575","5,698",7,1,0,9,,
Otago Regional Council,,STV,4,0,12,0,23,10,7,"170,471",495,"170,966","170,471",495,"170,966","80,249",47.1%,379,76.6%,"80,628",47.2%,"2,252",86,"2,338","1,924",73,"1,997","1,323","8,784","10,107",8,4,0,12,,
Southland Regional Council,,FPP,2,4,12,5,18,9,8,"68,303",97,"68,400","45,044",52,"45,096","20,763",46.1%,45,86.5%,"20,808",46.1%,829,10,839,639,6,645,11,"2,062","2,073",2,1,0,12,,
Taranaki Regional Council,,FPP,4,1,11,1,20,9,8,"86,972",41,"87,013","79,236",38,"79,274","37,717",47.6%,42,110.5%,"37,759",47.6%,"1,019",7,"1,026",665,3,668,376,"3,176","3,552",6,3,0,11,,
Waikato Regional Council,,FPP,6,2,14,2,30,13,10,"334,572","1,873","336,445","295,611","1,864","297,475","120,948",40.9%,"1,609",86.3%,"122,557",41.2%,"4,443",121,"4,564","3,485",110,"3,595",467,"9,899","10,366",9,5,0,14,,
West Coast Regional Council,,FPP,3,0,7,0,16,5,4,"23,858",109,"23,967","23,858",109,"23,967","12,461",52.2%,87,79.8%,"12,548",52.4%,383,31,414,276,15,291,23,386,409,4,0,0,7,,
Wellington Regional Council,,STV,5,2,14,2,30,8,7,"396,068",369,"396,437","338,868",352,"339,220","161,201",47.6%,321,91.2%,"161,522",47.6%,"7,231",108,"7,339","5,808",64,"5,872","1,386","10,961","12,347",11,7,0,14,,
,,,,,,,,,,,,,,,,,,,,,,,,,,,,,,,,,,,,
Glossary of statistical terms,,,,,,,,,,,,,,,,,,,,,,,,,,,,,,,,,,,,
Blank votes (%) = the number of blank votes cast (including special votes) divided by the total number of voters,,,,,,,,,,,,,,,,,,,,,,,,,,,,,,,,,,,,
"Candidates community board members (%) = the number of community board members from previous term who stood for council in current election, divided by the total number of candidates in current election (city and district council elections only)",,,,,,,,,,,,,,,,,,,,,,,,,,,,,,,,,,,,
Candidates sitting members (%) = the number of sitting members in previous term who stood for re-election in current election divided by the total number of candidates in current election,,,,,,,,,,,,,,,,,,,,,,,,,,,,,,,,,,,,
"Community board members elected (%) = the number of community board members in previous term who stood for council in current term and were elected, divided by the total number of positions in current term (city and district council elections only)",,,,,,,,,,,,,,,,,,,,,,,,,,,,,,,,,,,,
"Elected unopposed = number of elected members, where the number of candidates is equal to, or less than, the number of positions",,,,,,,,,,,,,,,,,,,,,,,,,,,,,,,,,,,,
"Electors per position = the number of electors (residential and ratepayer, where applicable) divided by the total number of positions",,,,,,,,,,,,,,,,,,,,,,,,,,,,,,,,,,,,
"Resident population = the estimated population usually resident of the area, based on estimated or Census data (provided by Statistics New Zealand)",,,,,,,,,,,,,,,,,,,,,,,,,,,,,,,,,,,,
Informal votes (%) = the number of informal votes cast (including special votes) divided by the total number of voters,,,,,,,,,,,,,,,,,,,,,,,,,,,,,,,,,,,,
"Members elected (%) = the number of sitting members in previous term who stood for re-election in current term and were re-elected, divided by the total number of elected members in current term",,,,,,,,,,,,,,,,,,,,,,,,,,,,,,,,,,,,
Ratepayer electors (contested areas only) = the total number of ratepayer electors on the roll in contested areas (used for calculating ratepayer turnout),,,,,,,,,,,,,,,,,,,,,,,,,,,,,,,,,,,,
"Ratepayer electors (%) = the total number of ratepayer electors on the roll, divided by the total number of electors on the roll",,,,,,,,,,,,,,,,,,,,,,,,,,,,,,,,,,,,
Ratepayer turnout = number of ratepayer voters (including those who cast special votes and these were allowed in respect of their ratepayer qualification) divided by the number of ratepayer electors on the roll in contested areas,,,,,,,,,,,,,,,,,,,,,,,,,,,,,,,,,,,,
Residential electors (contested areas only) = the total number of residential electors on the roll in contested areas (used for calculating residential turnout),,,,,,,,,,,,,,,,,,,,,,,,,,,,,,,,,,,,
Residential turnout = number of residential voters (including those who cast special votes and these were allowed in respect of their residential qualification) divided by the number of residential electors on the roll in contested areas,,,,,,,,,,,,,,,,,,,,,,,,,,,,,,,,,,,,
Sitting mayor (R/S/U/D) = whether the sitting mayor in previous term was: re-elected (R); stood down (S); re-elected unopposed (U); or defeated (D) in the current elections,,,,,,,,,,,,,,,,,,,,,,,,,,,,,,,,,,,,
"Sitting members re-elected (%) = the number of sitting members in previous term that were re-elected in current term, divided by the total number of positions in current term",,,,,,,,,,,,,,,,,,,,,,,,,,,,,,,,,,,,
Special votes allowed (%) = the number of allowed special votes (residential and ratepayer) divided by the total number of special votes cast,,,,,,,,,,,,,,,,,,,,,,,,,,,,,,,,,,,,
Special votes cast (%) = the number of voters who cast special votes divided by the total number of voters,,,,,,,,,,,,,,,,,,,,,,,,,,,,,,,,,,,,
Total electors (contested areas only) = the number of residential and ratepayer electors for all contested areas (used for calculating total turnout),,,,,,,,,,,,,,,,,,,,,,,,,,,,,,,,,,,,
Turnout = number of voters (including those who cast special votes and these were allowed) divided by the number of electors on the roll in contested areas,,,,,,,,,,,,,,,,,,,,,,,,,,,,,,,,,,,,
Female candidates (%) = the number of female candidates divided by the total number of candidates ,,,,,,,,,,,,,,,,,,,,,,,,,,,,,,,,,,,,
Female members/councillors (%) = the number of women elected divided by the number of positions,,,,,,,,,,,,,,,,,,,,,,,,,,,,,,,,,,,,
Voters per position = the number of voters (residential and ratepayer) divided by the number of positions,,,,,,,,,,,,,,,,,,,,,,,,,,,,,,,,,,,,
Voting document order (A/R/P) = the order candidates were listed on the voting document: alphabetical order (A); random (R); or pseudo-random (P),,,,,,,,,,,,,,,,,,,,,,,,,,,,,,,,,,,,
